"Txhash","Blockno","UnixTimestamp","DateTime","From","To","ContractAddress","Value_IN(ETH)","Value_OUT(ETH)","CurrentValue @ $2967.04323606678/ETH","TxnFee(ETH)","TxnFee(USD)","Historical $Price/ETH","Status","ErrCode","Method"
"0xeaea55dac4927be6dbda85191e33ea92f65b4da983240b49a38e96de9a668200","199372529","1712704688","2024-04-09 23:18:08","0x974fdbc4ff3ae73ceeba5b4c85521f2638ee54e5","","0xaa098e5c9b002f815d7c9756bcfce0fc18b3f362","0","0","0","0.00002396","0.0710903559361601","3504.83","","","0x60806040",""
"0x9907ce377d0032536e181dab8faf17867b1d700aee38ff9b375c634068c376bd","201670001","1713284711","2024-04-16 16:25:11","0x974fdbc4ff3ae73ceeba5b4c85521f2638ee54e5","0xaa098e5c9b002f815d7c9756bcfce0fc18b3f362","","0.000330694363898445","0","0.981184475610288","0.00000348","0.0103253104615124","3085.42","","","Call Deposit V3",""
"0xd2d8864bbcb9339f221a838924ce731959df3418df1ae0e160637a8bb148bcb9","201674710","1713285941","2024-04-16 16:45:41","0x974fdbc4ff3ae73ceeba5b4c85521f2638ee54e5","0xaa098e5c9b002f815d7c9756bcfce0fc18b3f362","","0.000406767191914706","0","1.20689584542441","0.00000356","0.0105626739203977","3085.42","","","Call Deposit V3",""
"0x3ea5478bdd65647f77e3db129b0a8937e1320ebeff81bacae1d9282bdfb8af97","201995218","1713367362","2024-04-17 15:22:42","0x96babe8595ed944b01499200b7cfd230f8db3558","0xaa098e5c9b002f815d7c9756bcfce0fc18b3f362","","0.000410549707615811","0","1.21811873305069","0.00000542","0.0160813743394819","2985.12","","","Call Deposit V3",""
"0x32deb31f491f5c151be514710f8a42b1ee6cd4292eb2ee746c5dffccd5225394","202359051","1713460051","2024-04-18 17:07:31","0x96babe8595ed944b01499200b7cfd230f8db3558","0xaa098e5c9b002f815d7c9756bcfce0fc18b3f362","","0.000397884193215465","0","1.18053960421783","0.00000202","0.0059934273368549","3065.69","","","Call Deposit V3",""
"0x96cc3921ca30938c59919bf238c858a0214cb50320290fa0990bd5143915f492","202364265","1713461424","2024-04-18 17:30:24","0x96babe8595ed944b01499200b7cfd230f8db3558","0xaa098e5c9b002f815d7c9756bcfce0fc18b3f362","","0.000398476629850161","0","1.18229738932761","0.00000211","0.00626046122810091","3065.69","","","Call Deposit V3",""
"0xc315fb788efa23fe08959823bfde880c431c1741b07499c8b861bcc73229a603","202645960","1713533545","2024-04-19 13:32:25","0x974fdbc4ff3ae73ceeba5b4c85521f2638ee54e5","0xaa098e5c9b002f815d7c9756bcfce0fc18b3f362","","0.000393357828780543","0","1.16710968523722","0.00000247","0.00732859679308495","3057.95","","","Call Deposit V3",""
"0x60b58abf5adaec80a81f716516d8276be31d8cda008a04298a479f7487412f48","202678701","1713541960","2024-04-19 15:52:40","0x96babe8595ed944b01499200b7cfd230f8db3558","0xaa098e5c9b002f815d7c9756bcfce0fc18b3f362","","0.000397955276635178","0","1.18075051179749","0.00000219","0.00649782468698625","3057.95","","","Call Deposit V3",""
"0x4521841c03c5ecaa246d90e4a04a0d660a830f7c321adb1ca00f016f301a2536","208566354","1715032026","2024-05-06 21:47:06","0x4a3755eb99ae8b22aafb8f16f0c51cf68eb60b85","0xaa098e5c9b002f815d7c9756bcfce0fc18b3f362","","0.000396569006463321","0","1.17663738826072","0.00000153","0.00453957615118217","3063.19","","","Call Deposit V3",""
