attester,data,recipient,txid,id,time,timeCreated
0xd82BDb8391109f8BaD393Ff2CDa9E7Cd56F8239C,0x00000000000000000000000096babe8595ed944b01499200b7cfd230f8db3558000000000000000000000000f8590ccb6c0d7069f61e397beeb7c0f931b6fc0d0000000000000000000000000000000000000000000000000000000000000013000000000000000000000000420000000000000000000000000000000000000600000000000000000000000000000000000000000000000000013181f5066dbb000000000000000000000000801a1ece6f1bdcd89111751071bead9a4018cbd4,0x96BAbe8595ed944B01499200B7Cfd230f8db3558,0x8c63d19de1067bdf34f9238e86d83414110778f5b73a62f0be1c45c14588d99f,0x341afabacd8b221312be780bfc070064bcf876836a509d2021ed9fde8d185097,1713367375,1713367376
0xd82BDb8391109f8BaD393Ff2CDa9E7Cd56F8239C,0x00000000000000000000000096babe8595ed944b01499200b7cfd230f8db3558000000000000000000000000f8590ccb6c0d7069f61e397beeb7c0f931b6fc0d000000000000000000000000000000000000000000000000000000000000001300000000000000000000000042000000000000000000000000000000000000060000000000000000000000000000000000000000000000000001268cebb9a266000000000000000000000000cad97616f91872c02ba3553db315db4015cbe850,0x96BAbe8595ed944B01499200B7Cfd230f8db3558,0xa6af76b166f4443d3495f70c4268f260b4bffa3778a578ad11a6a8cb523e7926,0xaa961a3cb72824744a5537992a7e6f009e47af1df76e43a501a7977891399f6d,1713458157,1713458163
0xd82BDb8391109f8BaD393Ff2CDa9E7Cd56F8239C,0x00000000000000000000000096babe8595ed944b01499200b7cfd230f8db3558000000000000000000000000f8590ccb6c0d7069f61e397beeb7c0f931b6fc0d0000000000000000000000000000000000000000000000000000000000000013000000000000000000000000420000000000000000000000000000000000000600000000000000000000000000000000000000000000000000012793939c7988000000000000000000000000801a1ece6f1bdcd89111751071bead9a4018cbd4,0x96BAbe8595ed944B01499200B7Cfd230f8db3558,0xe5a05c99cc58f14bc6e054ea5f812191c065d835ae4b303537a022ade4ac2114,0x830c2414d173b074fbd0c489a0f6d42723b5d1e95bd10f3db922f7c988df8105,1713460055,1713460060
0xd82BDb8391109f8BaD393Ff2CDa9E7Cd56F8239C,0x00000000000000000000000096babe8595ed944b01499200b7cfd230f8db3558000000000000000000000000f8590ccb6c0d7069f61e397beeb7c0f931b6fc0d00000000000000000000000000000000000000000000000000000000000000130000000000000000000000004200000000000000000000000000000000000006000000000000000000000000000000000000000000000000000127e77004a76a000000000000000000000000801a1ece6f1bdcd89111751071bead9a4018cbd4,0x96BAbe8595ed944B01499200B7Cfd230f8db3558,0x30b5838acb3ddde91fbdbe8033c2decf7e7fac57dbebb43ad6dd42cac1782930,0x5e71c654f0292cb6b7df3ba11ba7be200d7f5df24440369524de00c1fe7de0df,1713461445,1713461446
0xd82BDb8391109f8BaD393Ff2CDa9E7Cd56F8239C,0x0000000000000000000000005abca791c22e7f99237fcc04639e094ffa0ccce9000000000000000000000000f8590ccb6c0d7069f61e397beeb7c0f931b6fc0d0000000000000000000000000000000000000000000000000000000000000013000000000000000000000000420000000000000000000000000000000000000600000000000000000000000000000000000000000000000000012e839d941f57000000000000000000000000cad97616f91872c02ba3553db315db4015cbe850,0x5ABca791C22E7f99237fCC04639E094Ffa0cCce9,0xa93982ae718d21b2553f3baad53c582fe9e887d7c600630a2dd8e6892613f6f2,0x35219a78a26b3fcf4e7ab8d0690db6cacd15adb6cb34560130884b5cac484ddc,1713504571,1713504581
0xd82BDb8391109f8BaD393Ff2CDa9E7Cd56F8239C,0x000000000000000000000000974fdbc4ff3ae73ceeba5b4c85521f2638ee54e5000000000000000000000000f8590ccb6c0d7069f61e397beeb7c0f931b6fc0d00000000000000000000000000000000000000000000000000000000000000130000000000000000000000004200000000000000000000000000000000000006000000000000000000000000000000000000000000000000000123b6fc5c384a000000000000000000000000801a1ece6f1bdcd89111751071bead9a4018cbd4,0x974fDBc4Ff3Ae73Ceeba5B4c85521F2638ee54e5,0x07d876c071d7ba7b2cd8cdd38188304cbeaf2eff150e82e1a3fd4dbb49ffc372,0x1010f20ed8eaa14aabc0c1235aaae340fe669189dc22c87c0fcdee69c81d53e3,1713526995,1713527015
0xd82BDb8391109f8BaD393Ff2CDa9E7Cd56F8239C,0x000000000000000000000000974fdbc4ff3ae73ceeba5b4c85521f2638ee54e5000000000000000000000000f8590ccb6c0d7069f61e397beeb7c0f931b6fc0d00000000000000000000000000000000000000000000000000000000000000130000000000000000000000004200000000000000000000000000000000000006000000000000000000000000000000000000000000000000000122ffbd30831e000000000000000000000000cad97616f91872c02ba3553db315db4015cbe850,0x974fDBc4Ff3Ae73Ceeba5B4c85521F2638ee54e5,0x3c8c6b20745868c64878f5a0f55d4cc54b6cab79babf8167bf1c401c10845be8,0x812105b317f75557eab97981fe670c582c42f2b0efbdb6db43c11c77b5730c1d,1713527445,1713527447
0xd82BDb8391109f8BaD393Ff2CDa9E7Cd56F8239C,0x000000000000000000000000974fdbc4ff3ae73ceeba5b4c85521f2638ee54e5000000000000000000000000f8590ccb6c0d7069f61e397beeb7c0f931b6fc0d000000000000000000000000000000000000000000000000000000000000001300000000000000000000000042000000000000000000000000000000000000060000000000000000000000000000000000000000000000000002473e0fd8c0ee000000000000000000000000cad97616f91872c02ba3553db315db4015cbe850,0x974fDBc4Ff3Ae73Ceeba5B4c85521F2638ee54e5,0xa2703316ea2ec0781ca7c28d3a2710d170e2012225f824055107e32d1524c30f,0x66076234cb894edf3f33eef376b0d9c82c5a208f820b8ec7a95c2c5f18468c75,1713531481,1713531485
0xd82BDb8391109f8BaD393Ff2CDa9E7Cd56F8239C,0x0000000000000000000000004a3755eb99ae8b22aafb8f16f0c51cf68eb60b85000000000000000000000000f8590ccb6c0d7069f61e397beeb7c0f931b6fc0d000000000000000000000000000000000000000000000000000000000000001300000000000000000000000042000000000000000000000000000000000000060000000000000000000000000000000000000000000000000001238a4670351d000000000000000000000000cad97616f91872c02ba3553db315db4015cbe850,0x4a3755eB99ae8b22AaFB8f16F0C51CF68Eb60b85,0x3a1141f924f44e944c1f072015140d6d9c72d1ac3f612547f8a86e65004f21ef,0xe36f7a1e46e82766a00339438bafef53465acc83b4f0d6db8b0fe15ef1f27202,1713531677,1713531681
0xd82BDb8391109f8BaD393Ff2CDa9E7Cd56F8239C,0x000000000000000000000000974fdbc4ff3ae73ceeba5b4c85521f2638ee54e5000000000000000000000000f8590ccb6c0d7069f61e397beeb7c0f931b6fc0d00000000000000000000000000000000000000000000000000000000000000130000000000000000000000004200000000000000000000000000000000000006000000000000000000000000000000000000000000000000000124cb3b43b1f2000000000000000000000000801a1ece6f1bdcd89111751071bead9a4018cbd4,0x974fDBc4Ff3Ae73Ceeba5B4c85521F2638ee54e5,0x22e641675e93ac060f4175f71809421810b6193da3de6fec24c86d86f8389665,0x8873f3293559148ba1824495dc645aa4acf9841500d7ec4cf8b3154cea6e0cd2,1713533549,1713533554
0xd82BDb8391109f8BaD393Ff2CDa9E7Cd56F8239C,0x000000000000000000000000974fdbc4ff3ae73ceeba5b4c85521f2638ee54e5000000000000000000000000f8590ccb6c0d7069f61e397beeb7c0f931b6fc0d000000000000000000000000000000000000000000000000000000000000001300000000000000000000000042000000000000000000000000000000000000060000000000000000000000000000000000000000000000000001259056947cab000000000000000000000000cad97616f91872c02ba3553db315db4015cbe850,0x974fDBc4Ff3Ae73Ceeba5B4c85521F2638ee54e5,0x1015d09049778182d01e1c79f81214dd4680a14ec089d454db8f7758ad05d62f,0x36a3d88942ee3a62bce7d97cf23fa45226402dc28cbbd5d5f22d46e4eab2a50d,1713539987,1713539989
0xd82BDb8391109f8BaD393Ff2CDa9E7Cd56F8239C,0x00000000000000000000000096babe8595ed944b01499200b7cfd230f8db3558000000000000000000000000f8590ccb6c0d7069f61e397beeb7c0f931b6fc0d000000000000000000000000000000000000000000000000000000000000001300000000000000000000000042000000000000000000000000000000000000060000000000000000000000000000000000000000000000000001251946b950d6000000000000000000000000801a1ece6f1bdcd89111751071bead9a4018cbd4,0x96BAbe8595ed944B01499200B7Cfd230f8db3558,0x6050dc23b5f28971a3319cceed08cd5f7da7004ed4a549a77f9258214efe63f3,0xa631de94e2da95a69f9dd6fd6c4f78903941192710a5bf6c5b9e95b9447a8584,1713541965,1713541970
0xd82BDb8391109f8BaD393Ff2CDa9E7Cd56F8239C,0x000000000000000000000000974fdbc4ff3ae73ceeba5b4c85521f2638ee54e5000000000000000000000000f8590ccb6c0d7069f61e397beeb7c0f931b6fc0d00000000000000000000000000000000000000000000000000000000000000130000000000000000000000004200000000000000000000000000000000000006000000000000000000000000000000000000000000000000000128cac6b78d34000000000000000000000000cad97616f91872c02ba3553db315db4015cbe850,0x974fDBc4Ff3Ae73Ceeba5B4c85521F2638ee54e5,0x8fb22a76c5cb785ae75cfcb5bafe556b5b192e5a19f80d1764fc39e20fc225ce,0x9be0fa213918afa03801608ba344b184db1f492cc565a73b97767730e90b3c6f,1713544239,1713544243
0xd82BDb8391109f8BaD393Ff2CDa9E7Cd56F8239C,0x000000000000000000000000974fdbc4ff3ae73ceeba5b4c85521f2638ee54e5000000000000000000000000f8590ccb6c0d7069f61e397beeb7c0f931b6fc0d00000000000000000000000000000000000000000000000000000000000000130000000000000000000000004200000000000000000000000000000000000006000000000000000000000000000000000000000000000000000127a1aff70e72000000000000000000000000801a1ece6f1bdcd89111751071bead9a4018cbd4,0x974fDBc4Ff3Ae73Ceeba5B4c85521F2638ee54e5,0x90ac549cbeac1d6a51e81e69134f6ac8b9a683cb295ef8408ece2a571beac656,0x4b6bcffa480a8c13ac526aea138513fcf601b6b9de94c9e55b2b7f3e72b1a1da,1713545275,1713545279
0xd82BDb8391109f8BaD393Ff2CDa9E7Cd56F8239C,0x000000000000000000000000426006904582f279e6214eef67ff10f6f1bf634f000000000000000000000000f8590ccb6c0d7069f61e397beeb7c0f931b6fc0d0000000000000000000000000000000000000000000000000000000000000013000000000000000000000000420000000000000000000000000000000000000600000000000000000000000000000000000000000000000000012601756d7fc4000000000000000000000000cad97616f91872c02ba3553db315db4015cbe850,0x426006904582f279E6214eef67fF10f6f1BF634F,0x77673b708dc5bcecdaf088dacc984cbdc75ad6e8b968a10160a2b9201f9d8692,0xe536182a3a86dc3c7ebe394dbd20797e33d23982cc46d0c3bc73d48836ef3f59,1713551311,1713551314
0xd82BDb8391109f8BaD393Ff2CDa9E7Cd56F8239C,0x000000000000000000000000426006904582f279e6214eef67ff10f6f1bf634f000000000000000000000000f8590ccb6c0d7069f61e397beeb7c0f931b6fc0d00000000000000000000000000000000000000000000000000000000000000130000000000000000000000004200000000000000000000000000000000000006000000000000000000000000000000000000000000000000000125f01e7b8509000000000000000000000000cad97616f91872c02ba3553db315db4015cbe850,0x426006904582f279E6214eef67fF10f6f1BF634F,0x24059b4feb8cd1d0c8aecdc38a63f77bc9095852700e95acde0ac1fdebc87d14,0x89515c8ca684734c8472a95d39cb225ce91284e5e7caa67ff2324d0d29ae3cb1,1713551497,1713551498
0xd82BDb8391109f8BaD393Ff2CDa9E7Cd56F8239C,0x0000000000000000000000005abca791c22e7f99237fcc04639e094ffa0ccce9000000000000000000000000f8590ccb6c0d7069f61e397beeb7c0f931b6fc0d0000000000000000000000000000000000000000000000000000000000000013000000000000000000000000420000000000000000000000000000000000000600000000000000000000000000000000000000000000000000012450cf65fb1e000000000000000000000000cad97616f91872c02ba3553db315db4015cbe850,0x5ABca791C22E7f99237fCC04639E094Ffa0cCce9,0x9ac990240d7c471493facc67d05b9e58048891100085d7ee8e721913e07508db,0x1c40f433fdc2de994ea0860a6dcd1978585a84c2d6d5724330129868afee3c58,1713556925,1713556929
0xd82BDb8391109f8BaD393Ff2CDa9E7Cd56F8239C,0x0000000000000000000000004a3755eb99ae8b22aafb8f16f0c51cf68eb60b850000000000000000000000002ccbcbcb0b1b701d1d09c189e3c2fe11918f218c00000000000000000000000000000000000000000000000000000000000000090000000000000000000000004200000000000000000000000000000000000006000000000000000000000000000000000000000000000000000125e462d92203000000000000000000000000cad97616f91872c02ba3553db315db4015cbe850,0x4a3755eB99ae8b22AaFB8f16F0C51CF68Eb60b85,0xb554f3233ba4f54cd60cc732695b959ee13d35d3eb155f11ee641108e82eeb57,0xd6b3990c215f723e979e67fab092a2636fd3a1f23538b5da49c0015300d8f50b,1715032033,1715032034
0xd82BDb8391109f8BaD393Ff2CDa9E7Cd56F8239C,0x000000000000000000000000cce9a28b570946123f392cf1dbfa6d2d5e636a1f000000000000000000000000625ee1407a606f44af3716733e082769a4d0bda000000000000000000000000000000000000000000000000000000000000000090000000000000000000000004200000000000000000000000000000000000006000000000000000000000000000000000000000000000000000124bba204514200000000000000000000000041ee28ee05341e7fdddc8d433ba66054cd302ca1,0xcCE9A28b570946123f392Cf1DbfA6D2D5e636a1f,0xb152ee120bd027eb43488d3deffce444df737afb20ad4a4b519a538da886c2e6,0x5948cffa5d3c2958aed8c83773df8e8d3ecacd6f6b5017e3b9131286c6f96175,1715094589,1715094590
