"Txhash","Blockno","UnixTimestamp","DateTime","From","To","ContractAddress","Value_IN(ETH)","Value_OUT(ETH)","CurrentValue @ $2968.6296189521/ETH","TxnFee(ETH)","TxnFee(USD)","Historical $Price/ETH","Status","ErrCode","Method"
"0x3216d5f47e869fa765dd692249d016892247e5ed72d14a66e161189d100688a9","13295412","1713380171","2024-04-17 18:56:11","0x974fdbc4ff3ae73ceeba5b4c85521f2638ee54e5","","0x51c2ddc09b67ab9152acfb6a9a5e7a8db1485ae8","0","0","0","0.000110193479100757","0.327123625873886","2985.12","","","0x60806040",""
"0xd7bc9ae778925981a27efe10252c200938f527395a6fb6d6a84719f14373bb7a","13334288","1713457923","2024-04-18 16:32:03","0x96babe8595ed944b01499200b7cfd230f8db3558","0x51c2ddc09b67ab9152acfb6a9a5e7a8db1485ae8","","0.000354640520192596","0","1.05279635232432","0.000009915735608516","0.0294361464211386","3065.69","","","Call Deposit V3",""
"0x16d0e8124fcf23b82c7c808b4be4a70225d089f2371f093bb65bcbdc4da8e088","13368821","1713526989","2024-04-19 11:43:09","0x974fdbc4ff3ae73ceeba5b4c85521f2638ee54e5","0x51c2ddc09b67ab9152acfb6a9a5e7a8db1485ae8","","0.000397690268192449","0","1.18059510932511","0.000003845913837707","0.0114170937305547","3057.95","","","Call Deposit V3",""
"0xbfc74a424555999c891d6895ed4d2a1e80c9deb465fb037e5368fb406b2f41da","13369045","1713527437","2024-04-19 11:50:37","0x974fdbc4ff3ae73ceeba5b4c85521f2638ee54e5","0x51c2ddc09b67ab9152acfb6a9a5e7a8db1485ae8","","0.000396500174727298","0","1.17706216261514","0.000004511145821306","0.013391921100541","3057.95","","","Call Deposit V3",""
"0xcb7248bb63a26b6e3177735246fbb7a346fab0b5d213b456d8e7db3197c84f7b","13375319","1713539985","2024-04-19 15:19:45","0x974fdbc4ff3ae73ceeba5b4c85521f2638ee54e5","0x51c2ddc09b67ab9152acfb6a9a5e7a8db1485ae8","","0.000394550496008863","0","1.17127428862415","0.0000060611592125","0.0179933367634119","3057.95","","","Call Deposit V3",""
"0x368017975d7be3e0abad3e9a03ef935a79fd6143243c6ef18735db988c8ca4ee","13377962","1713545271","2024-04-19 16:47:51","0x974fdbc4ff3ae73ceeba5b4c85521f2638ee54e5","0x51c2ddc09b67ab9152acfb6a9a5e7a8db1485ae8","","0.000402473426748586","0","1.194794535487","0.000006752836072709","0.0200466691773721","3057.95","","","Call Deposit V3",""
"0xe2a61964adea23f303ab186962c0851f94d3abf6bfb03857e1962b396ca809bb","13383788","1713556923","2024-04-19 20:02:03","0x5abca791c22e7f99237fcc04639e094ffa0ccce9","0x51c2ddc09b67ab9152acfb6a9a5e7a8db1485ae8","","0.000343639524133773","0","1.02013846958612","0.000005883532015964","0.0174660274066437","3057.95","","","Call Deposit V3",""
"0x7be3e2bc0dc385ebdbf0348bcc1542679a659c3c7aaeb4006dd0a61c44c08061","13545004","1713879355","2024-04-23 13:35:55","0x5abca791c22e7f99237fcc04639e094ffa0ccce9","0x51c2ddc09b67ab9152acfb6a9a5e7a8db1485ae8","","0.000326668145711274","0","0.969756732926648","0.00001201702300601","0.0356740904272701","3219.78","","","Call Deposit V3",""
"0x49abcda70c85e4e867aacec859f8dab10adcbc725175373bfd668d9898623d2a","13545448","1713880243","2024-04-23 13:50:43","0x5abca791c22e7f99237fcc04639e094ffa0ccce9","0x51c2ddc09b67ab9152acfb6a9a5e7a8db1485ae8","","0.000336398590782642","0","0.998642820371098","0.000013175957441702","0.0391145375194889","3219.78","","","Call Deposit V3",""
"0xa79c6f0bd80e2bd15d14c5e9d6232d758f7b639874fd273d5d32398141bfb4ca","13550306","1713889959","2024-04-23 16:32:39","0x5abca791c22e7f99237fcc04639e094ffa0ccce9","0x51c2ddc09b67ab9152acfb6a9a5e7a8db1485ae8","","0.000325343686888147","0","0.965824905235231","0.000011367097136677","0.0337447012414449","3219.78","","","Call Deposit V3",""
"0x112c9e6a375aded7bc465c99752a83b2b5ff9b9471c4c762cc5ceb70e2807a86","13553875","1713897097","2024-04-23 18:31:37","0xb04e6891e584f2884ad2ee90b6545ba44f843c4a","0x51c2ddc09b67ab9152acfb6a9a5e7a8db1485ae8","","0.000321986538736627","0","0.955858775797419","0.000012255574473725","0.0363822613799733","3219.78","","","Call Deposit V3",""
"0x93b19e20379142f6aa45d6bb672e79d23e72c871f99024d0e087349e07fd650d","13556836","1713903019","2024-04-23 20:10:19","0x4a3755eb99ae8b22aafb8f16f0c51cf68eb60b85","0x51c2ddc09b67ab9152acfb6a9a5e7a8db1485ae8","","0.00063394428692211","0","1.88194578692244","0.000014987738913022","0.0444930456583181","3219.78","","","Call Deposit V3",""
"0xf510aa310194aeee9525cebd794155a543c8abeb1ce770183b97180f455b33fc","13560134","1713909615","2024-04-23 22:00:15","0x88d7709ce401e4e7b5068156423ecb4f60a99f75","0x51c2ddc09b67ab9152acfb6a9a5e7a8db1485ae8","","0.000325425313962447","0","0.966067225785706","0.000009465350073631","0.0280991185823314","3219.78","","","Call Deposit V3",""
"0x9d36123b3c391af92e93a39fb5517693e8a10722680df209d82d4635ff7ee4ef","13560569","1713910485","2024-04-23 22:14:45","0x5abca791c22e7f99237fcc04639e094ffa0ccce9","0x51c2ddc09b67ab9152acfb6a9a5e7a8db1485ae8","","0.000325023091519217","0","0.964873176327327","0.000008112574432497","0.0240832287462641","3219.78","","","Call Deposit V3",""
"0x0597270b7d156c6892ad8e3846effefbf04dcbce1b646846f1045b3ef60ccb74","13562582","1713914511","2024-04-23 23:21:51","0x88d7709ce401e4e7b5068156423ecb4f60a99f75","0x51c2ddc09b67ab9152acfb6a9a5e7a8db1485ae8","","0.000324051798311182","0","0.961989766541267","0.000007940198414103","0.0235715081924627","3219.78","","","Call Deposit V3",""
"0xc51709f70a593bb0185988cd92454ae0f19ad000c53937aa64b13ac3269e1a2e","13563656","1713916659","2024-04-23 23:57:39","0x5abca791c22e7f99237fcc04639e094ffa0ccce9","0x51c2ddc09b67ab9152acfb6a9a5e7a8db1485ae8","","0.00032322025869292","0","0.959521233401162","0.000004862530652609","0.0144350525183976","3219.78","","","Call Deposit V3",""
"0x683690fbf891aedf93c9d5689de30461b27759cdbad02ed1f7401fd382306e07","13591173","1713971693","2024-04-24 15:14:53","0x5abca791c22e7f99237fcc04639e094ffa0ccce9","0x51c2ddc09b67ab9152acfb6a9a5e7a8db1485ae8","","0.000704525191178219","0","2.09147434982955","0.000056229921277508","0.166925809775755","3139.10","","","Call Deposit V3",""
"0x1b3905b32ca2dccf2119337295ba49709466a51e1e2f4e1d3b6b3ee3fbb281a3","13595088","1713979523","2024-04-24 17:25:23","0xb04e6891e584f2884ad2ee90b6545ba44f843c4a","0x51c2ddc09b67ab9152acfb6a9a5e7a8db1485ae8","","0.00032881036717696","0","0.976116195020039","0.000009798965882133","0.0290895003528011","3139.10","","","Call Deposit V3",""
"0x1d9ddaedbfa52832fe6f970202b64d0e0a01edfc3633539b0741aeea22b4edc4","13596708","1713982763","2024-04-24 18:19:23","0x5abca791c22e7f99237fcc04639e094ffa0ccce9","0x51c2ddc09b67ab9152acfb6a9a5e7a8db1485ae8","","0.000328138015133372","0","0.974120230829081","0.00002590771713283","0.0769104164399519","3139.10","","","Call Deposit V3",""
"0x0fa4f81410c22e0fb634e9bea9e0ac25e30adf957ec27cc9f44298d42804e549","13597981","1713985309","2024-04-24 19:01:49","0x4a3755eb99ae8b22aafb8f16f0c51cf68eb60b85","0x51c2ddc09b67ab9152acfb6a9a5e7a8db1485ae8","","0.000352099713173342","0","1.04525363735092","0.000016693927335757","0.0495580871455623","3139.10","","","Call Deposit V3",""
"0xc19e61fb03025b63896da1b6d3dd2b0c5dcee5f0db0226db9dd8ce6930720757","13600693","1713990733","2024-04-24 20:32:13","0x5abca791c22e7f99237fcc04639e094ffa0ccce9","0x51c2ddc09b67ab9152acfb6a9a5e7a8db1485ae8","","0.000332374116076833","0","0.98669564555871","0.000007165879264507","0.0212728414304502","3139.10","","","Call Deposit V3",""
"0xb6ff54b2fc62a47b952f12171d9fe0c5b55650bf3365c859445959c2aa83fc92","13601157","1713991661","2024-04-24 20:47:41","0x4a3755eb99ae8b22aafb8f16f0c51cf68eb60b85","0x51c2ddc09b67ab9152acfb6a9a5e7a8db1485ae8","","0.000332258359922783","0","0.986352008411221","0.000007112112566183","0.0211132280172923","3139.10","","","Call Deposit V3",""
"0x94a42695a7b5339fb0d4694b0b3b8fe00eda251ad6761af2ee7c066e49971b71","13601197","1713991741","2024-04-24 20:49:01","0x4a3755eb99ae8b22aafb8f16f0c51cf68eb60b85","0x51c2ddc09b67ab9152acfb6a9a5e7a8db1485ae8","","0.000332117248833094","0","0.985933101850808","0.000007085175289184","0.0210332612189391","3139.10","","","Call Deposit V3",""
"0x50f59cbc90ca2c70a8f0f61e73710accb525bbd71d2ef23c012135a93aa7afe8","13601847","1713993041","2024-04-24 21:10:41","0x5abca791c22e7f99237fcc04639e094ffa0ccce9","0x51c2ddc09b67ab9152acfb6a9a5e7a8db1485ae8","","0.000332719300524977","0","0.987720370335472","0.000009471643583895","0.0281178016833083","3139.10","","","Call Deposit V3",""
"0x3bb0e2a97c3df9d98e6e6515358a85eab4bdf4e000c19dbc780246ee409c56af","13606730","1714002807","2024-04-24 23:53:27","0x5abca791c22e7f99237fcc04639e094ffa0ccce9","0x51c2ddc09b67ab9152acfb6a9a5e7a8db1485ae8","","0.000331438612835421","0","0.983918482927628","0.000003545841737512","0.0105262908060947","3139.10","","","Call Deposit V3",""
"0x6047d4066fd68b0eb49745a7f11490ef0791bd137522bd7620c998732e8f7e2c","13617348","1714024043","2024-04-25 05:47:23","0x5abca791c22e7f99237fcc04639e094ffa0ccce9","0x51c2ddc09b67ab9152acfb6a9a5e7a8db1485ae8","","0.000328949959976404","0","0.976530594339061","0.000004444520171043","0.0131941342217883","3155.47","","","Call Deposit V3",""
"0x733c03170780e8d21a1b4bae7c930301537e31c705ea9fc72bec13d4090b5297","13620824","1714030995","2024-04-25 07:43:15","0x5ffd23b1b0350debb17a2cb668929ac5f76d0e18","0x51c2ddc09b67ab9152acfb6a9a5e7a8db1485ae8","","0.000646965512228472","0","1.92060098204196","0.00001015248977057","0.0301389818390223","3155.47","","","Call Deposit V3",""
"0x5a70563c4ecbc021414b0a83aa717131bdcf9a70327c5e434ceb69a02ef15993","13629040","1714047427","2024-04-25 12:17:07","0x4b43246728b64a75a4c85a290cd32fe1f2aaef3c","0x51c2ddc09b67ab9152acfb6a9a5e7a8db1485ae8","","0.000661985098136638","0","1.96518856963334","0.000027316938911981","0.081093873953212","3155.47","","","Call Deposit V3",""
"0x49f7961572dfa1cee90989adc188e55cb7a7f5a22eb473279ce416a5c9207e9c","13635491","1714060329","2024-04-25 15:52:09","0x5abca791c22e7f99237fcc04639e094ffa0ccce9","0x51c2ddc09b67ab9152acfb6a9a5e7a8db1485ae8","","0.000343476225731245","0","1.01965369711165","0.000027508076009556","0.0816612892023536","3155.47","","","Call Deposit V3",""
"0x1422bf4accf366c554070fafec74e7f51ac2e7eaa8543ae9173b1e2bf42d296e","13635716","1714060779","2024-04-25 15:59:39","0xdb43c9f4745f93e7ba7d0ff86155c88d5756454a","0x51c2ddc09b67ab9152acfb6a9a5e7a8db1485ae8","","0.000655135613274366","0","1.94485498599663","0.000035320059825145","0.104852175740086","3155.47","","","Call Deposit V3",""
"0xecbae60c47915f0d1e4b5001a75854ed1b24ed9d01fdab735995a6dc643525cb","13638153","1714065653","2024-04-25 17:20:53","0x5abca791c22e7f99237fcc04639e094ffa0ccce9","0x51c2ddc09b67ab9152acfb6a9a5e7a8db1485ae8","","0.000331926825995573","0","0.985367806975218","0.000120420025217219","0.357482453574795","3155.47","","","Call Deposit V3",""
"0x2fe2ecdded2115b2e029869f7ccedb828edbe4e034806d26527cf5468c16693b","13640458","1714070263","2024-04-25 18:37:43","0x5abca791c22e7f99237fcc04639e094ffa0ccce9","0x51c2ddc09b67ab9152acfb6a9a5e7a8db1485ae8","","0.000329699803833268","0","0.978756603022136","0.000018975610744245","0.0563315600930714","3155.47","","","Call Deposit V3",""
"0x43cab91706b15db6bc445ef4930d499eab0a823455cc72120f511c98b5db99c5","13644117","1714077581","2024-04-25 20:39:41","0x5abca791c22e7f99237fcc04639e094ffa0ccce9","0x51c2ddc09b67ab9152acfb6a9a5e7a8db1485ae8","","0.000328417238587489","0","0.974949141845278","0.000012267670621653","0.0364181703629876","3155.47","","","Call Deposit V3",""
"0x5e27d134aef5eb29becae0c8e4fdcfa0a4fed6411f52a051c13fb84f367ea6e9","13645281","1714079909","2024-04-25 21:18:29","0x5abca791c22e7f99237fcc04639e094ffa0ccce9","0x51c2ddc09b67ab9152acfb6a9a5e7a8db1485ae8","","0.000330496665473817","0","0.981122190090477","0.000015908548115825","0.0472265871311627","3155.47","","","Call Deposit V3",""
"0x2e71ed6e79acf37bafc975622385930b108d25999c6b27bde9b46d556d28c18c","13645296","1714079939","2024-04-25 21:18:59","0x5abca791c22e7f99237fcc04639e094ffa0ccce9","0x51c2ddc09b67ab9152acfb6a9a5e7a8db1485ae8","","0.000329392962268225","0","0.977845704063824","0.000016190255685275","0.048062872565715","3155.47","","","Call Deposit V3",""
"0x9d918a756b60b20c72ee2e33ff69e0c41654658f277f9b1b97ca4cf82d742eed","13645583","1714080513","2024-04-25 21:28:33","0x5abca791c22e7f99237fcc04639e094ffa0ccce9","0x51c2ddc09b67ab9152acfb6a9a5e7a8db1485ae8","","0.000327109760522823","0","0.971067723736381","0.000016282311035522","0.0483361508050412","3155.47","","","Call Deposit V3",""
"0x5ac18e5aae5afaa6071a0913c6d8a4d7bc3ab6ff28c12a3d6251e474948277ea","13645695","1714080737","2024-04-25 21:32:17","0x5abca791c22e7f99237fcc04639e094ffa0ccce9","0x51c2ddc09b67ab9152acfb6a9a5e7a8db1485ae8","","0.000327140664064174","0","0.971159464904566","0.00001760091812319","0.0522506068612526","3155.47","","","Call Deposit V3",""
"0xfb9c806686facbc63a3947e36010dd49e71921898a177727cfe08eef35ae8215","13649534","1714088415","2024-04-25 23:40:15","0x5abca791c22e7f99237fcc04639e094ffa0ccce9","0x51c2ddc09b67ab9152acfb6a9a5e7a8db1485ae8","","0.000328517401204643","0","0.975246487557273","0.000006271976082753","0.0186191739686197","3155.47","","","Call Deposit V3",""
"0x9921f0c3a10297de2209d3b1b4ade8dff607502da0f7318cfd8a4e8e937b9659","13673274","1714135895","2024-04-26 12:51:35","0x5abca791c22e7f99237fcc04639e094ffa0ccce9","0x51c2ddc09b67ab9152acfb6a9a5e7a8db1485ae8","","0.000331169901541947","0","0.983120778622875","0.00001584154375563","0.0470276760028889","3130.07","","","Call Deposit V3",""
"0x9a8e5fa55e8b2afa31486762433e1e42b36b7ad83a5574d2c2199d1e8f2e4d91","13680514","1714150375","2024-04-26 16:52:55","0xf8b82919e8ec939c59223ec7b505ea37bbcea8f7","0x51c2ddc09b67ab9152acfb6a9a5e7a8db1485ae8","","0.000333325403061917","0","0.989519664278754","0.000016798424424788","0.049868300299154","3130.07","","","Call Deposit V3",""
"0x97dcb087128857dee8ae83b9cf972d80a275c46a88f3b7104682b372ff13ea15","13680702","1714150751","2024-04-26 16:59:11","0xf8b82919e8ec939c59223ec7b505ea37bbcea8f7","0x51c2ddc09b67ab9152acfb6a9a5e7a8db1485ae8","","0.000332731973449416","0","0.98775799155432","0.000015984493686656","0.0474520414021598","3130.07","","","Call Deposit V3",""
"0xb6112cf52c5b0206438c606ffea8e4988f14910f5cff4f48c7e5009d6ad616ab","13682418","1714154183","2024-04-26 17:56:23","0xf8b82919e8ec939c59223ec7b505ea37bbcea8f7","0x51c2ddc09b67ab9152acfb6a9a5e7a8db1485ae8","","0.000330929644833179","0","0.982407545441074","0.000012043043165721","0.035751334644078","3130.07","","","Call Deposit V3",""
"0xbf1bc8eccb3bcdf90c2cc09cb125878dc63330a2423f7e9130d1088439ba6988","13682632","1714154611","2024-04-26 18:03:31","0xf8b82919e8ec939c59223ec7b505ea37bbcea8f7","0x51c2ddc09b67ab9152acfb6a9a5e7a8db1485ae8","","0.000330808101225052","0","0.982046727485994","0.000016251993945414","0.0482461505933862","3130.07","","","Call Deposit V3",""
"0x48cba6bc96015f59a581ff9a6b2c27f0b5810dc386006b06a11294d2fecc66d6","13688391","1714166129","2024-04-26 21:15:29","0x88d7709ce401e4e7b5068156423ecb4f60a99f75","0x51c2ddc09b67ab9152acfb6a9a5e7a8db1485ae8","","0.000330414051338207","0","0.980876939320561","0.000009936748465504","0.029498525810772","3130.07","","","Call Deposit V3",""
"0xcc897b2f10ff179c694fb19789c7768b76e0e7ca1fbddbfcbe4a18a0fa07f08c","13719362","1714228071","2024-04-27 14:27:51","0x5abca791c22e7f99237fcc04639e094ffa0ccce9","0x51c2ddc09b67ab9152acfb6a9a5e7a8db1485ae8","","0.000329511962007459","0","0.978198970214362","0.000015648367141303","0.0464542061839089","3253.23","","","Call Deposit V3",""
"0xa7574d17fe8b00c5ab31b4e4f7f3e1add8d8fdf638ccd494d485e5c66968dc7e","13722519","1714234385","2024-04-27 16:13:05","0x88d7709ce401e4e7b5068156423ecb4f60a99f75","0x51c2ddc09b67ab9152acfb6a9a5e7a8db1485ae8","","0.000330084233687616","0","0.979897832874163","0.000015455237702628","0.0458808764119667","3253.23","","","Call Deposit V3",""
"0xd9e8d742d8e3c13d368d62d780bd5b0650192c2ecb8ccdaa09bdc07bac22ae49","13723644","1714236635","2024-04-27 16:50:35","0x5abca791c22e7f99237fcc04639e094ffa0ccce9","0x51c2ddc09b67ab9152acfb6a9a5e7a8db1485ae8","","0.000329346043167047","0","0.977706418630373","0.000100147198109071","0.297299938561652","3253.23","","","Call Deposit V3",""
"0x46f58c8b9390f9fd67f26a67324ba53c695588829c160f9eff9dcd5eef036e84","13725374","1714240095","2024-04-27 17:48:15","0xcce9a28b570946123f392cf1dbfa6d2d5e636a1f","0x51c2ddc09b67ab9152acfb6a9a5e7a8db1485ae8","","0.000350357166103118","0","1.04008066050584","0.000012263606214975","0.0364061046449398","3253.23","","","Call Deposit V3",""
"0x4140c6fd6f47477a01494f8520976578bf87d08a65c7c05ce2a7ece3ab57c8d7","13731404","1714252155","2024-04-27 21:09:15","0xcce9a28b570946123f392cf1dbfa6d2d5e636a1f","0x51c2ddc09b67ab9152acfb6a9a5e7a8db1485ae8","","0.000321309310374129","0","0.953848335621713","0.000008603591639737","0.0255408769710919","3253.23","","","Call Deposit V3",""
"0xd4a89d13b9178623faacce0c0dd79cfa2aa1ab7768ca5a7ed91ec7894e10d0ed","13731869","1714253085","2024-04-27 21:24:45","0xcce9a28b570946123f392cf1dbfa6d2d5e636a1f","0x51c2ddc09b67ab9152acfb6a9a5e7a8db1485ae8","","0.000321309994868151","0","0.95385036763094","0.000007651971641186","0.0227158696574063","3253.23","","","Call Deposit V3",""
"0xc8a9bc77a28f376df04a9370995c5429428e529c196fe4462875990e13da1723","13735292","1714259931","2024-04-27 23:18:51","0x8168bc5da5b1ad08588ffbd67f2309e451089ec1","0x51c2ddc09b67ab9152acfb6a9a5e7a8db1485ae8","","0.000319792568437226","0","0.949345690583516","0.000005727754522786","0.0170035817264294","3253.23","","","Call Deposit V3",""
"0xc54bb3b2225e375681c9dfb40ea0857f497bae30c26f8dc62b821334c555bad9","13735545","1714260437","2024-04-27 23:27:17","0x5abca791c22e7f99237fcc04639e094ffa0ccce9","0x51c2ddc09b67ab9152acfb6a9a5e7a8db1485ae8","","0.000319753678781472","0","0.949230241599573","0.000004959700214155","0.0147235129568636","3253.23","","","Call Deposit V3",""
"0x602a614aa27cc3b3d88ff12c2888d5a18e6e6254c5e03296bc1f7c3f54fc5f44","13736341","1714262029","2024-04-27 23:53:49","0xcce9a28b570946123f392cf1dbfa6d2d5e636a1f","0x51c2ddc09b67ab9152acfb6a9a5e7a8db1485ae8","","0.000319080518581916","0","0.947231878292872","0.000005376592282308","0.0159611110982888","3253.23","","","Call Deposit V3",""
"0x49eb351954b7eb1d93d7301f5d4b7239bd3d75f5a9312905d249785dcdeba27c","13775505","1714340357","2024-04-28 21:39:17","0xcce9a28b570946123f392cf1dbfa6d2d5e636a1f","0x51c2ddc09b67ab9152acfb6a9a5e7a8db1485ae8","","0.000357831042158659","0","1.06226783033269","0.000006135363232448","0.0182136210148748","3262.43","","","Call Deposit V3",""
"0x8105d61043d550d3750ed50153efd7a0d980ef20f9df901d10bbeb0c4bb33e52","13775530","1714340407","2024-04-28 21:40:07","0xcce9a28b570946123f392cf1dbfa6d2d5e636a1f","0x51c2ddc09b67ab9152acfb6a9a5e7a8db1485ae8","","0.000344855456993552","0","1.02374812388832","0.000006099598590057","0.0181074490381617","3262.43","","","Call Deposit V3",""
"0xaf2fec8aeba7ab518fb9c0470ecd3a87927148778c0275a3d10e0bdb10977189","13813153","1714415653","2024-04-29 18:34:13","0xb04e6891e584f2884ad2ee90b6545ba44f843c4a","0x51c2ddc09b67ab9152acfb6a9a5e7a8db1485ae8","","0.000329161761943173","0","0.977159355930963","0.000005509905699034","0.0163568692557853","3215.73","Error(0)","execution reverted","Call Deposit V3",""
"0xd2c7e8f4e1738b377428ef532cbe1acda82df31377476a08c54ad3fff11a6359","13814461","1714418269","2024-04-29 19:17:49","0xcce9a28b570946123f392cf1dbfa6d2d5e636a1f","0x51c2ddc09b67ab9152acfb6a9a5e7a8db1485ae8","","0.000329387707200432","0","0.977830103713924","0.000007223440173644","0.0214437184502081","3215.73","","","Call Deposit V3",""
"0x5919895b14cdc4e0a613b955357a941febf7a1ae2a718f41a3e7f9b140e65a83","13871793","1714532933","2024-05-01 03:08:53","0x94d27d601775ff0db45122be89d5512a62699094","0x51c2ddc09b67ab9152acfb6a9a5e7a8db1485ae8","","0.000347515061987463","0","1.03164350604796","0.000005367468087329","0.015934024742825","2968.82","","","Call Deposit V3",""
"0xa0f1b3276b7fb81635426e35de2df1e25c7e2300b7641937a1edff007fc3c559","13900767","1714590881","2024-05-01 19:14:41","0xb04e6891e584f2884ad2ee90b6545ba44f843c4a","0x51c2ddc09b67ab9152acfb6a9a5e7a8db1485ae8","","0.00068700794165376","0","2.03947212404867","0.000010376837856187","0.0308049882109401","2968.82","","","Call Deposit V3",""
"0x6dbdb9c8c84e181eaf82600be0c4dab2bf1ccd4c39dfb5ff239efbef3fd74092","13949969","1714689285","2024-05-02 22:34:45","0x0e0e34094e42f47fe25da3cc1b441faf15f8551a","0x51c2ddc09b67ab9152acfb6a9a5e7a8db1485ae8","","0.00034478342886143","0","1.02353429904191","0.000012370428238016","0.0367232196664957","2986.41","","","Call Deposit V3",""
"0xacbd344f767dc0162998a1239e1f1bbf3e5228abc3980974fecfe7e8453d2a49","13981302","1714751951","2024-05-03 15:59:11","0x5abca791c22e7f99237fcc04639e094ffa0ccce9","0x51c2ddc09b67ab9152acfb6a9a5e7a8db1485ae8","","0.003253953983084316","0","9.65978417289126","0.000027223882024274","0.0808176225201174","3103.77","","","Call Deposit V3",""
"0x61aea10d7567fbbc492ae8dd11db98f216ecb2f2fce11f5c1a0aecb328812d0c","14113255","1715015857","2024-05-06 17:17:37","0xb04e6891e584f2884ad2ee90b6545ba44f843c4a","0x51c2ddc09b67ab9152acfb6a9a5e7a8db1485ae8","","0.00033683370453035","0","0.999934511930157","0.000009997644601092","0.0296793038825583","3063.19","","","Call Deposit V3",""
"0x52974f4831950922d897e73d788c73e28825b23cf9684edadbe8387e0388c72d","14114950","1715019247","2024-05-06 18:14:07","0xf83d06a8c835160c9b24a038ec7fd7a625d0bf59","0x51c2ddc09b67ab9152acfb6a9a5e7a8db1485ae8","","0.001637460209543563","0","4.86101287790653","0.000009260054732737","0.0274896727527206","3063.19","","","Call Deposit V3",""
"0x065c3ab8f67dbe93434e5eb1c96cd3b693cfa30037984ac7ba1194e36cde5289","14114998","1715019343","2024-05-06 18:15:43","0xf83d06a8c835160c9b24a038ec7fd7a625d0bf59","0x51c2ddc09b67ab9152acfb6a9a5e7a8db1485ae8","","0.000662728025301067","0","1.96739404521838","0.000009251293271464","0.0274636632192803","3063.19","","","Call Deposit V3",""
"0x923c1eede21f89533f9aa14bb1ae94adb168c0b71304ebf9fcbc872dc69e44fa","14115061","1715019469","2024-05-06 18:17:49","0xf83d06a8c835160c9b24a038ec7fd7a625d0bf59","0x51c2ddc09b67ab9152acfb6a9a5e7a8db1485ae8","","0.000662529633942367","0","1.9668050947548","0.000009327897345268","0.0276910723417072","3063.19","","","Call Deposit V3",""
"0x2d5d428d25e7ca2f65fed490066372c0360abceff777afa047bb19721b724624","14120157","1715029661","2024-05-06 21:07:41","0x4a3755eb99ae8b22aafb8f16f0c51cf68eb60b85","0x51c2ddc09b67ab9152acfb6a9a5e7a8db1485ae8","","0.000337236756910452","0","1.00113102516372","0.000006745030269474","0.020023496638689","3063.19","","","Call Deposit V3",""
"0x52f9b9bb3b32f08debfdb8d85b6753c4dd937ceb13f6b9f0cf771c0fcda1b02f","14120815","1715030977","2024-05-06 21:29:37","0x5abca791c22e7f99237fcc04639e094ffa0ccce9","0x51c2ddc09b67ab9152acfb6a9a5e7a8db1485ae8","","0.000336374252981284","0","0.998570570453126","0.000006816931982738","0.0202369461943379","3063.19","","","Call Deposit V3",""
"0x20f4a7d0e529ada22d0777ed39c958e0200affa463e2f002cc829dab4c66c245","14120951","1715031249","2024-05-06 21:34:09","0x5abca791c22e7f99237fcc04639e094ffa0ccce9","0x51c2ddc09b67ab9152acfb6a9a5e7a8db1485ae8","","0.000336338638830497","0","0.998464845230246","0.000006905088316703","0.0204986496984446","3063.19","","","Call Deposit V3",""
"0xd6ca025791d4c816b7b4f5ddf2ca4b2e3fcbfe4a53d96fe433237e2d5dbaa1e2","14121071","1715031489","2024-05-06 21:38:09","0x5abca791c22e7f99237fcc04639e094ffa0ccce9","0x51c2ddc09b67ab9152acfb6a9a5e7a8db1485ae8","","0.000336278063778188","0","0.998285020335792","0.000007034383906273","0.020882480415242","3063.19","","","Call Deposit V3",""
"0x7e26d1ddc7a44efe41d3afe90e485f8b6d342e1813b8cc0ab43d777513834485","14151173","1715091693","2024-05-07 14:21:33","0xafe55998f41d851d950874b0b5492d0709f7ed3d","0x51c2ddc09b67ab9152acfb6a9a5e7a8db1485ae8","","0.00066372777994978","0","1.97036194648024","0.000013758182572668","0.0408429482881728","3005.91","","","Call Deposit V3",""
"0xd03d7b017ed69b5a1262a8b9ea57213c314a71fbb9d2b0bb3aecaff97aa1bdf8","14152353","1715094053","2024-05-07 15:00:53","0xc5f137faffdcbd8a8b866d04bde625c953193bee","0x51c2ddc09b67ab9152acfb6a9a5e7a8db1485ae8","","0.000696846537627615","0","2.06867927146556","0.000017957632604732","0.0533095600366674","3005.91","","","Call Deposit V3",""
"0x0dd198d8ce83ccd1e074a13d77e4e5debfa93746dbfb65e724be5ecc6e9e1844","14152405","1715094157","2024-05-07 15:02:37","0xc5f137faffdcbd8a8b866d04bde625c953193bee","0x51c2ddc09b67ab9152acfb6a9a5e7a8db1485ae8","","0.000664204884355661","0","1.97177829275087","0.000018476376620922","0.0548495188877832","3005.91","","","Call Deposit V3",""
"0x4fc924c811e68b6087d7f03584f4e70490b3a5e0478862daf53a5b2bda9f2fbc","14152620","1715094587","2024-05-07 15:09:47","0xcce9a28b570946123f392cf1dbfa6d2d5e636a1f","0x51c2ddc09b67ab9152acfb6a9a5e7a8db1485ae8","","0.000395690339802899","0","1.17465806267211","0.000018729402100446","0.0556006578206477","3005.91","","","Call Deposit V3",""
"0x2216d3ebb2ff0a32f3757bf39b5cd56aa11d951233dd208f57db1853719e7c66","14158869","1715107085","2024-05-07 18:38:05","0x5abca791c22e7f99237fcc04639e094ffa0ccce9","0x51c2ddc09b67ab9152acfb6a9a5e7a8db1485ae8","","0.000340658422582642","0","1.01128868322433","0.000013675186766983","0.0405965644811675","3005.91","","","Call Deposit V3",""
"0x0de868acdae09ca45416050e462d100f7d0c471849c0a506421afa076c901ab8","14159076","1715107499","2024-05-07 18:44:59","0x5abca791c22e7f99237fcc04639e094ffa0ccce9","0x51c2ddc09b67ab9152acfb6a9a5e7a8db1485ae8","","0.000342311145612899","0","1.01619500576388","0.000016145375646025","0.0479296403518977","3005.91","","","Call Deposit V3",""
"0x5322b7cb571e235c83473c994547761a46e9526d785e3306043b2051fbde8f16","14160295","1715109937","2024-05-07 19:25:37","0xcce9a28b570946123f392cf1dbfa6d2d5e636a1f","0x51c2ddc09b67ab9152acfb6a9a5e7a8db1485ae8","","0.000340644823021904","0","1.01124831116552","0.000018671381775449","0.0554284169653603","3005.91","","","Call Deposit V3",""
"0x92c3340731a6ec6c919b5f31af48921e03d85f8101551168b83131ff3642f796","14160330","1715110007","2024-05-07 19:26:47","0x4a3755eb99ae8b22aafb8f16f0c51cf68eb60b85","0x51c2ddc09b67ab9152acfb6a9a5e7a8db1485ae8","","0.000340454983031739","0","1.01068474654786","0.000020187795769214","0.0599300884618446","3005.91","","","Call Deposit V3",""
"0xba1c38518b3105afa4fe331c7a46d17cb2f58f37a35d3fc4764d9f785eaaf62d","14160979","1715111305","2024-05-07 19:48:25","0x4a3755eb99ae8b22aafb8f16f0c51cf68eb60b85","0x51c2ddc09b67ab9152acfb6a9a5e7a8db1485ae8","","0.000340246144703076","0","1.01006478289981","0.000012534691701765","0.0372108570502927","3005.91","","","Call Deposit V3",""
"0x5734499196537bdbae81b22dde462ef7b9b56095ed371ecb07ad0f5ae09deeab","14161534","1715112415","2024-05-07 20:06:55","0x1e207c109fd0ea687f7df5d31f4820906c278a46","0x51c2ddc09b67ab9152acfb6a9a5e7a8db1485ae8","","0.000667472708771634","0","1.98147925310166","0.000011278180791221","0.0334807415447153","3005.91","","","Call Deposit V3",""
"0x391d8ed487f154914900860541819318972149d8d6690399944e0d21093d0b25","14163918","1715117183","2024-05-07 21:26:23","0x1302a937bc0fe8a06f124e644236c876b639f54e","0x51c2ddc09b67ab9152acfb6a9a5e7a8db1485ae8","","0.000339224901588291","0","1.00703309034111","0.000005594712088941","0.0166086280167396","3005.91","","","Call Deposit V3",""
"0x0fd0539e0984e816b9726b047f3d262b248f25ebba8e224aa135e366a7d457ba","14164337","1715118021","2024-05-07 21:40:21","0xeebf48360c333407076f4a8191017bd30a88af56","0x51c2ddc09b67ab9152acfb6a9a5e7a8db1485ae8","","0.000339012980917425","0","1.00640397636071","0.000005234822339805","0.0155402486478973","3005.91","","","Call Deposit V3",""
"0x31990101bcbdb24d2ec7059990a23711426166ecb9d2d987bf5f99fbed126154","14164445","1715118237","2024-05-07 21:43:57","0xcce9a28b570946123f392cf1dbfa6d2d5e636a1f","0x51c2ddc09b67ab9152acfb6a9a5e7a8db1485ae8","","0.000339320001660261","0","1.00731540723153","0.000005242951089281","0.0155643798943568","3005.91","","","Call Deposit V3",""
"0x5036d0d333573752c7711398f479c026d71c285278646321644ee8d2f5e7b8ee","14164459","1715118265","2024-05-07 21:44:25","0xcce9a28b570946123f392cf1dbfa6d2d5e636a1f","0x51c2ddc09b67ab9152acfb6a9a5e7a8db1485ae8","","0.000339316102892068","0","1.00730383323279","0.000005219440196818","0.0154945847626231","3005.91","","","Call Deposit V3",""
"0xc05c69cb3102b43af27370149260efae58d2e99ab5bbdccc623323edfb0c3b06","14164566","1715118479","2024-05-07 21:47:59","0xeebf48360c333407076f4a8191017bd30a88af56","0x51c2ddc09b67ab9152acfb6a9a5e7a8db1485ae8","","0.000339360171048039","0","1.00743465526586","0.000005186513187756","0.0153968366682581","3005.91","","","Call Deposit V3",""
"0xd84864cb5b374fcda27ca4690e3b832e994a9dc553eef16eec546274b51a782c","14165204","1715119755","2024-05-07 22:09:15","0x46f3cc6a1c00a5cd8864d2b92f128196cae07d15","0x51c2ddc09b67ab9152acfb6a9a5e7a8db1485ae8","","0.000339955927448217","0","1.00920323536111","0.000007561889416856","0.0224484488981191","3005.91","","","Call Deposit V3",""
"0x7993fea024f4ddf7c1051c435d7e5bcf42a83751a460ccbd94312395ac82ef90","14166068","1715121483","2024-05-07 22:38:03","0xcce9a28b570946123f392cf1dbfa6d2d5e636a1f","0x51c2ddc09b67ab9152acfb6a9a5e7a8db1485ae8","","0.000340281381612798","0","1.01016938823369","0.000007474121358968","0.0221878980418749","3005.91","","","Call Deposit V3",""
"0x59c7b07e54835db8af66251c7172fe97116624965f0ab3e6c3980ace3438e1ff","14167506","1715124359","2024-05-07 23:25:59","0xb04e6891e584f2884ad2ee90b6545ba44f843c4a","0x51c2ddc09b67ab9152acfb6a9a5e7a8db1485ae8","","0.000342957383428977","0","1.01811344648557","0.000007877229303541","0.0233845762257692","3005.91","","","Call Deposit V3",""
"0xb08f2e6554fdd7eeb03d5450eaf58dff05351ca5293d3d9df59358e28ee16aac","14167547","1715124441","2024-05-07 23:27:21","0xb04e6891e584f2884ad2ee90b6545ba44f843c4a","0x51c2ddc09b67ab9152acfb6a9a5e7a8db1485ae8","","0.000342753669945488","0","1.01750869660471","0.000007678789612608","0.0227954822816898","3005.91","","","Call Deposit V3",""
"0x1eb57699859a5881cbc5629fe3cf322812a8501f1ca51e2be4ed10a5446b5921","14167588","1715124523","2024-05-07 23:28:43","0xb04e6891e584f2884ad2ee90b6545ba44f843c4a","0x51c2ddc09b67ab9152acfb6a9a5e7a8db1485ae8","","0.000342751254457292","0","1.0175015259149","0.000007468615587395","0.0221715534453081","3005.91","","","Call Deposit V3",""
"0xcfe806ca7aa4ac212448f29294358abb2a73a855f869d3249635dba6256bcdf8","14167607","1715124561","2024-05-07 23:29:21","0xb04e6891e584f2884ad2ee90b6545ba44f843c4a","0x51c2ddc09b67ab9152acfb6a9a5e7a8db1485ae8","","0.000342751415184103","0","1.01750200305328","0.000007439679766669","0.0220856537108522","3005.91","","","Call Deposit V3",""
