Txhash,From,Method,Value_IN(ETH),origin_chain,destination_chain,round_id,recipient_id,amount,token,donor,origin
0xf7cb5d4bf0cc9bdcdfc2119ea44d5c22c27a788ef78737ff5a3765426e687709,0x96babe8595ed944b01499200b7cfd230f8db3558,Allocate,9.39445e-05,42161,42161,25,0x8c8c259579e596b7BdB2BbC3E17D1b8d71E7a56d,93944504120813.0,0xeeeeeeeeeeeeeeeeeeeeeeeeeeeeeeeeeeeeeeee,0x96babe8595ed944b01499200b7cfd230f8db3558,0x96babe8595ed944b01499200b7cfd230f8db3558
0xfe60d4af445afe6a05c56f760cb9d8acdc852cb439c0b7519877f10f32701281,0xf106e0311b00e2b5e2a27dfef45a44add2df4b5b,Allocate,0.000307831,42161,42161,25,0x8c8c259579e596b7BdB2BbC3E17D1b8d71E7a56d,307830627976363.0,0xeeeeeeeeeeeeeeeeeeeeeeeeeeeeeeeeeeeeeeee,0xf106e0311b00e2b5e2a27dfef45a44add2df4b5b,0xf106e0311b00e2b5e2a27dfef45a44add2df4b5b
0x78f525a45ac22fe8df1c69b94702827a4ba4857d3f32e7a3dfc8a60dc9ac4605,0x9a03f172d94ec286a0d72ee8f389ddfd105f0a36,Allocate,0.000308504,42161,42161,25,0x8c8c259579e596b7BdB2BbC3E17D1b8d71E7a56d,308504490705757.0,0xeeeeeeeeeeeeeeeeeeeeeeeeeeeeeeeeeeeeeeee,0x9a03f172d94ec286a0d72ee8f389ddfd105f0a36,0x9a03f172d94ec286a0d72ee8f389ddfd105f0a36
0xadaaf2379b4d5d2021e53caeea2ca2c2ac2bb480992c39e6cb2855c1e37408e8,0x87b53f4d4cb88a808504f2d4c13b93bfaf7510b6,Allocate,0.001544402,42161,42161,25,0x8c8c259579e596b7BdB2BbC3E17D1b8d71E7a56d,1544402108376535.0,0xeeeeeeeeeeeeeeeeeeeeeeeeeeeeeeeeeeeeeeee,0x87b53f4d4cb88a808504f2d4c13b93bfaf7510b6,0x87b53f4d4cb88a808504f2d4c13b93bfaf7510b6
0x0faa98cb9f8c63a68bac919b0811e922db84eb639bcbc16cb87fc4d3eedd1960,0x9a03f172d94ec286a0d72ee8f389ddfd105f0a36,Allocate,3.09462e-05,42161,42161,25,0x8c8c259579e596b7BdB2BbC3E17D1b8d71E7a56d,30946236609703.0,0xeeeeeeeeeeeeeeeeeeeeeeeeeeeeeeeeeeeeeeee,0x9a03f172d94ec286a0d72ee8f389ddfd105f0a36,0x9a03f172d94ec286a0d72ee8f389ddfd105f0a36
0xbafd17fcc603b0884bf4c661f449a47528a226bf0c30c03673f35f4457e6481d,0x5abca791c22e7f99237fcc04639e094ffa0ccce9,Allocate,0.000310964,42161,42161,26,0x046cce3BEBE4B7A37918dfe46569d423143F2456,310964426592634.0,0xeeeeeeeeeeeeeeeeeeeeeeeeeeeeeeeeeeeeeeee,0x5abca791c22e7f99237fcc04639e094ffa0ccce9,0x5abca791c22e7f99237fcc04639e094ffa0ccce9
0x94cc7dcc4cfcbeb98fa1b348b11d4800bde14ecaefe916da220ec75efb6c9888,0xa32aecda752cf4ef89956e83d60c04835d4fa867,Allocate,0.000306012,42161,42161,25,0x8c8c259579e596b7BdB2BbC3E17D1b8d71E7a56d,306012127958203.0,0xeeeeeeeeeeeeeeeeeeeeeeeeeeeeeeeeeeeeeeee,0xa32aecda752cf4ef89956e83d60c04835d4fa867,0xa32aecda752cf4ef89956e83d60c04835d4fa867
0xd693e0ac6625da293ce8cc86494e3297bc25a2f7e64cf1d281f743340cfa7f95,0x5abca791c22e7f99237fcc04639e094ffa0ccce9,Allocate,3.1325499999999998e-06,42161,42161,25,0x745B3AE99Db905BA5a9A05E7Bc8968B719F5eA7F,3132551953696.0,0xeeeeeeeeeeeeeeeeeeeeeeeeeeeeeeeeeeeeeeee,0x5abca791c22e7f99237fcc04639e094ffa0ccce9,0x5abca791c22e7f99237fcc04639e094ffa0ccce9
0xe6bd887eb7fac311bafa0debe4b642cc5597526ce3d59fc15d6b72041bc9e755,0x037eb04ad9ddff984f44ce5941d14b8ea3781459,Allocate,3.1517800000000005e-05,42161,42161,23,0x2cC2c35EaD620614616d62667d366391880EEeB1,31517757619334.0,0xeeeeeeeeeeeeeeeeeeeeeeeeeeeeeeeeeeeeeeee,0x037eb04ad9ddff984f44ce5941d14b8ea3781459,0x037eb04ad9ddff984f44ce5941d14b8ea3781459
0xa86ecbd5bdcb855d1e4515d352c1288e265340952863d4d0755e489add471fa9,0x88d7709ce401e4e7b5068156423ecb4f60a99f75,Allocate,3.17481e-06,42161,42161,25,0x8c8c259579e596b7BdB2BbC3E17D1b8d71E7a56d,3174805576832.0,0xeeeeeeeeeeeeeeeeeeeeeeeeeeeeeeeeeeeeeeee,0x88d7709ce401e4e7b5068156423ecb4f60a99f75,0x88d7709ce401e4e7b5068156423ecb4f60a99f75
0x0e94baf7e455e7b989fd84c7198b62f0c3692b00de71093e9ba8db37198fd179,0x8492ac0cc18b122234645731bcaca1834bcb35dc,Allocate,0.000316998,42161,42161,25,0x8c8c259579e596b7BdB2BbC3E17D1b8d71E7a56d,316998116757178.0,0xeeeeeeeeeeeeeeeeeeeeeeeeeeeeeeeeeeeeeeee,0x8492ac0cc18b122234645731bcaca1834bcb35dc,0x8492ac0cc18b122234645731bcaca1834bcb35dc
0xbe0a80cb7cd7e8bce5e684aaac1f5ae0729d27f5e3fbfd607e2fe1f0d7a286a0,0x5abca791c22e7f99237fcc04639e094ffa0ccce9,Allocate,0.000317215,42161,42161,25,0x2B3d6c3883c1Ec6C2b9aaa68028BCD467b8F726D,317214569156252.0,0xeeeeeeeeeeeeeeeeeeeeeeeeeeeeeeeeeeeeeeee,0x5abca791c22e7f99237fcc04639e094ffa0ccce9,0x5abca791c22e7f99237fcc04639e094ffa0ccce9
0x52fa7a7c4163a4840342f43e012058abbe598e4fa78aa1f341d594f11e6bae6a,0x5abca791c22e7f99237fcc04639e094ffa0ccce9,Allocate,0.000316469,42161,42161,23,0x2cC2c35EaD620614616d62667d366391880EEeB1,316468554999687.0,0xeeeeeeeeeeeeeeeeeeeeeeeeeeeeeeeeeeeeeeee,0x5abca791c22e7f99237fcc04639e094ffa0ccce9,0x5abca791c22e7f99237fcc04639e094ffa0ccce9
0x23d21e3bd87ea6f48a30b70e622e6153f2579e481cd7dd0143618aad00264ee7,0x5b1899d88b4ff0cf5a34651e7ce7164398211c66,Allocate,0.00063161,42161,42161,25,0x8c8c259579e596b7BdB2BbC3E17D1b8d71E7a56d,631609987082196.0,0xeeeeeeeeeeeeeeeeeeeeeeeeeeeeeeeeeeeeeeee,0x5b1899d88b4ff0cf5a34651e7ce7164398211c66,0x5b1899d88b4ff0cf5a34651e7ce7164398211c66
0x24b950e02eb90b6815aea26e055b4cdaca358965c5f96ef429f0cf3e72a83750,0x5b1899d88b4ff0cf5a34651e7ce7164398211c66,Allocate,0.000631617,42161,42161,25,0xfb354294C904142368293Ba987751C956453F44C,631617010643550.0,0xeeeeeeeeeeeeeeeeeeeeeeeeeeeeeeeeeeeeeeee,0x5b1899d88b4ff0cf5a34651e7ce7164398211c66,0x5b1899d88b4ff0cf5a34651e7ce7164398211c66
0x1158e0e73aff80fca304590659f7d50cbcfb1f783eb138b4a3f69cb3219e4779,0x1cc221d84a0c1621ad6b462a84d1bd69c5b94a58,Allocate,0.000315809,42161,42161,25,0x8c8c259579e596b7BdB2BbC3E17D1b8d71E7a56d,315808505321775.0,0xeeeeeeeeeeeeeeeeeeeeeeeeeeeeeeeeeeeeeeee,0x1cc221d84a0c1621ad6b462a84d1bd69c5b94a58,0x1cc221d84a0c1621ad6b462a84d1bd69c5b94a58
0x5215441dda3f0010aad9f3be3600e1bee06a181c3af7859aff81753e81ee4aa5,0x5beb35bddb47c99bf45f62b01ae0294be9d1cdd6,Allocate,0.000663107,42161,42161,25,0x8c8c259579e596b7BdB2BbC3E17D1b8d71E7a56d,663107370498027.0,0xeeeeeeeeeeeeeeeeeeeeeeeeeeeeeeeeeeeeeeee,0x5beb35bddb47c99bf45f62b01ae0294be9d1cdd6,0x5beb35bddb47c99bf45f62b01ae0294be9d1cdd6
0xe8daa5b16068a7c957401c607a65d193287c74efca25d3cc355f09d2dee9382d,0xab888291f4127352b655fd476f64ac2ebfb8fe76,Allocate,0.00031606099999999997,42161,42161,25,0x8c8c259579e596b7BdB2BbC3E17D1b8d71E7a56d,316061330907860.0,0xeeeeeeeeeeeeeeeeeeeeeeeeeeeeeeeeeeeeeeee,0xab888291f4127352b655fd476f64ac2ebfb8fe76,0xab888291f4127352b655fd476f64ac2ebfb8fe76
0xabee937641388a17a0051a9aa97b4d160e8622cb31c9737d90158a0d489a5fd6,0xd50b50aba70ddffc9361ef1313c4323fc3a43229,Allocate,0.00031440200000000003,42161,42161,25,0x8c8c259579e596b7BdB2BbC3E17D1b8d71E7a56d,314402049645768.0,0xeeeeeeeeeeeeeeeeeeeeeeeeeeeeeeeeeeeeeeee,0xd50b50aba70ddffc9361ef1313c4323fc3a43229,0xd50b50aba70ddffc9361ef1313c4323fc3a43229
0xb5af846672d0b2886b5b311e7dc0a54415e548e48e2083a05fb59499df168e29,0xd50b50aba70ddffc9361ef1313c4323fc3a43229,Allocate,0.00031440200000000003,42161,42161,29,0x6d13A802cd8Eb33d3F66d5d7dc71c2024cfE1AF8,314402049645768.0,0xeeeeeeeeeeeeeeeeeeeeeeeeeeeeeeeeeeeeeeee,0xd50b50aba70ddffc9361ef1313c4323fc3a43229,0xd50b50aba70ddffc9361ef1313c4323fc3a43229
0x36e17ebe5db6cfc4c00bc37419011623042c9fe7c25ec07a828b8c494e73e8fa,0x5abca791c22e7f99237fcc04639e094ffa0ccce9,Allocate,0.000313467,42161,42161,25,0x0357B1EE567B349987e54C5b1c557526935322A5,313466688254492.0,0xeeeeeeeeeeeeeeeeeeeeeeeeeeeeeeeeeeeeeeee,0x5abca791c22e7f99237fcc04639e094ffa0ccce9,0x5abca791c22e7f99237fcc04639e094ffa0ccce9
0xd07ae77c7d4346eacfd63eadbf76c5d14ec9b21d80ba323f6c0bee9eb1cd827a,0x75a0c2d1df51c07982de3ff031e5232518676b19,Allocate,0.000307343,42161,42161,25,0x8c8c259579e596b7BdB2BbC3E17D1b8d71E7a56d,307342733742125.0,0xeeeeeeeeeeeeeeeeeeeeeeeeeeeeeeeeeeeeeeee,0x75a0c2d1df51c07982de3ff031e5232518676b19,0x75a0c2d1df51c07982de3ff031e5232518676b19
0xc9ac4dcd6b4a2cac27ece283bd8c1e9fe4f705e9513412339e6ca95d0514c572,0x4a3755eb99ae8b22aafb8f16f0c51cf68eb60b85,Allocate,0.000426624,42161,42161,25,0x0357B1EE567B349987e54C5b1c557526935322A5,426623814628586.0,0xeeeeeeeeeeeeeeeeeeeeeeeeeeeeeeeeeeeeeeee,0x4a3755eb99ae8b22aafb8f16f0c51cf68eb60b85,0x4a3755eb99ae8b22aafb8f16f0c51cf68eb60b85
0x1395dc0a3ea7488d66045ed60f298c636a65484745d6f71c180a18f0759a7e32,0x75a0c2d1df51c07982de3ff031e5232518676b19,Allocate,0.000609463,42161,42161,28,0x2bb43F1eA8590bf85D102cEe0c148BfC175a9c1F,609462592326552.0,0xeeeeeeeeeeeeeeeeeeeeeeeeeeeeeeeeeeeeeeee,0x75a0c2d1df51c07982de3ff031e5232518676b19,0x75a0c2d1df51c07982de3ff031e5232518676b19
0x96b5af7570280d9a620c449ac9953491c02e902cad1e3fc8b7c29540d2433829,0x1b7612547a5d16c5772ab34dbafee717e2284d1c,Allocate,0.000599206,42161,42161,25,0x8c8c259579e596b7BdB2BbC3E17D1b8d71E7a56d,599205514924458.0,0xeeeeeeeeeeeeeeeeeeeeeeeeeeeeeeeeeeeeeeee,0x1b7612547a5d16c5772ab34dbafee717e2284d1c,0x1b7612547a5d16c5772ab34dbafee717e2284d1c
0x1e2d2fa6084d703e16874587377284947448a712b99d56250859157c5478405b,0x222e3cb8d92bc316e9dc8b45eb218702bf94f9c1,Allocate,0.0005974040000000001,42161,42161,25,0x8c8c259579e596b7BdB2BbC3E17D1b8d71E7a56d,597403603844618.0,0xeeeeeeeeeeeeeeeeeeeeeeeeeeeeeeeeeeeeeeee,0x222e3cb8d92bc316e9dc8b45eb218702bf94f9c1,0x222e3cb8d92bc316e9dc8b45eb218702bf94f9c1
0x320b92c1c8abc983f27176ee9c98fbf355b4f755cecfc0413f34e0fd9e0ec9b4,0x96a4715280c3dac3f3093d51aa278aa5eb60ffde,Allocate,0.000311806,42161,42161,25,0x8c8c259579e596b7BdB2BbC3E17D1b8d71E7a56d,311806054921948.0,0xeeeeeeeeeeeeeeeeeeeeeeeeeeeeeeeeeeeeeeee,0x96a4715280c3dac3f3093d51aa278aa5eb60ffde,0x96a4715280c3dac3f3093d51aa278aa5eb60ffde
0x1804ce7ebfe55c70fca2ced636000f344872d248742e99beae41e08279322311,0x9d75f4ebcb8e7669e59dcc27cbadc698e0f77187,Allocate,0.000312724,42161,42161,27,0x693B307d4DE13617CF9eD227721Dd4e72a16048D,312723975899303.0,0xeeeeeeeeeeeeeeeeeeeeeeeeeeeeeeeeeeeeeeee,0x9d75f4ebcb8e7669e59dcc27cbadc698e0f77187,0x9d75f4ebcb8e7669e59dcc27cbadc698e0f77187
0x08ea3cbbc0edac2b2c72ae7dd0d4bf4213b4ddf1d9820b4d28cce7082aab14f2,0x96a4715280c3dac3f3093d51aa278aa5eb60ffde,Allocate,0.00031303099999999996,42161,42161,25,0x10CDeDA1A78EceE73Dd348A5FbC3773cff8befFF,313031097740327.0,0xeeeeeeeeeeeeeeeeeeeeeeeeeeeeeeeeeeeeeeee,0x96a4715280c3dac3f3093d51aa278aa5eb60ffde,0x96a4715280c3dac3f3093d51aa278aa5eb60ffde
0x7581aee7ab722b6bcbfe344951be636ccf59acd0c632228773160a6465af16bb,0x4a3755eb99ae8b22aafb8f16f0c51cf68eb60b85,Allocate,0.000313265,42161,42161,29,0x520CB7745C8767c3d5C57C0Dda0F821A9A68c10C,313264974499345.0,0xeeeeeeeeeeeeeeeeeeeeeeeeeeeeeeeeeeeeeeee,0x4a3755eb99ae8b22aafb8f16f0c51cf68eb60b85,0x4a3755eb99ae8b22aafb8f16f0c51cf68eb60b85
0xa1bccf89aa7056014edb50cb15cefc6be2accbb7c0bd275bb7e991834689c8d9,0x4a3755eb99ae8b22aafb8f16f0c51cf68eb60b85,Allocate,0.00031408900000000003,42161,42161,25,0x73B00B94762f800A244B6a84617Adbf07b9520a8,314089184517317.0,0xeeeeeeeeeeeeeeeeeeeeeeeeeeeeeeeeeeeeeeee,0x4a3755eb99ae8b22aafb8f16f0c51cf68eb60b85,0x4a3755eb99ae8b22aafb8f16f0c51cf68eb60b85
0x6e5738b87d34237428554657f112f347f96aa4167bb451f91d710b8b45e54034,0x4a3755eb99ae8b22aafb8f16f0c51cf68eb60b85,Allocate,0.00031408900000000003,42161,42161,25,0xCd258acEF60f17dfc9d0A93CBeaebb30928c0158,314089184517317.0,0xeeeeeeeeeeeeeeeeeeeeeeeeeeeeeeeeeeeeeeee,0x4a3755eb99ae8b22aafb8f16f0c51cf68eb60b85,0x4a3755eb99ae8b22aafb8f16f0c51cf68eb60b85
0x16d48042901a2294463b82e5432adcfb4e806b7d99f19e1c496346f87ca9e4b4,0x4a3755eb99ae8b22aafb8f16f0c51cf68eb60b85,Allocate,0.000314107,42161,42161,29,0x30ac656d79B4D523B5887bCc2F617e6381A46531,314107368988159.0,0xeeeeeeeeeeeeeeeeeeeeeeeeeeeeeeeeeeeeeeee,0x4a3755eb99ae8b22aafb8f16f0c51cf68eb60b85,0x4a3755eb99ae8b22aafb8f16f0c51cf68eb60b85
0x3db0db4471802983fe42ba4cd6731d107e6d52cef54ec5dfe1dfc20a21f0cf6e,0x4a3755eb99ae8b22aafb8f16f0c51cf68eb60b85,Allocate,0.000314107,42161,42161,28,0xb8f55D18caB37D3D00Eae83Fa661C42E83977ffA,314107368988159.0,0xeeeeeeeeeeeeeeeeeeeeeeeeeeeeeeeeeeeeeeee,0x4a3755eb99ae8b22aafb8f16f0c51cf68eb60b85,0x4a3755eb99ae8b22aafb8f16f0c51cf68eb60b85
0x600e8c0262ba07adc0052d1e9283585b1c38c566c98bef3fcbd15a45fd51aa3a,0x4a3755eb99ae8b22aafb8f16f0c51cf68eb60b85,Allocate,0.000314686,42161,42161,27,0xDCcD20157ca2Deae3C6073cdC73EaD1e83936521,314685555977786.0,0xeeeeeeeeeeeeeeeeeeeeeeeeeeeeeeeeeeeeeeee,0x4a3755eb99ae8b22aafb8f16f0c51cf68eb60b85,0x4a3755eb99ae8b22aafb8f16f0c51cf68eb60b85
0xdf54cd4686262811d1fe574d079f61f615e599aeffc358b1815e87c45efb08aa,0x4a3755eb99ae8b22aafb8f16f0c51cf68eb60b85,Allocate,0.000314676,42161,42161,26,0x22474b79A1801507DC75Bf9257De937CE42F52C1,314675674597445.0,0xeeeeeeeeeeeeeeeeeeeeeeeeeeeeeeeeeeeeeeee,0x4a3755eb99ae8b22aafb8f16f0c51cf68eb60b85,0x4a3755eb99ae8b22aafb8f16f0c51cf68eb60b85
0x4d79242a8bdca9b212811cf804e337b4d75d415cf688a75ab4aff5539da9f4d6,0x4a3755eb99ae8b22aafb8f16f0c51cf68eb60b85,Allocate,0.000314742,42161,42161,25,0x745e2F4C0cD49d6138a35238196D1330d06316B3,314741558306176.0,0xeeeeeeeeeeeeeeeeeeeeeeeeeeeeeeeeeeeeeeee,0x4a3755eb99ae8b22aafb8f16f0c51cf68eb60b85,0x4a3755eb99ae8b22aafb8f16f0c51cf68eb60b85
0x5f27c3ef3584a8f6c7b9f20457699966ee21f7567c637c9b651907ed420d6e4c,0x4a3755eb99ae8b22aafb8f16f0c51cf68eb60b85,Allocate,0.000315216,42161,42161,25,0x0b86F8a20c2b3Fed2e39B227A62c63Ea2aB1ab25,315216119284907.0,0xeeeeeeeeeeeeeeeeeeeeeeeeeeeeeeeeeeeeeeee,0x4a3755eb99ae8b22aafb8f16f0c51cf68eb60b85,0x4a3755eb99ae8b22aafb8f16f0c51cf68eb60b85
0x8eac44a3aadef3313195ec75b5dc82fe4f8fa73bd4a6e3645e3f51674b671cb9,0x4a3755eb99ae8b22aafb8f16f0c51cf68eb60b85,Allocate,0.000315216,42161,42161,25,0xfb354294C904142368293Ba987751C956453F44C,315216118753458.0,0xeeeeeeeeeeeeeeeeeeeeeeeeeeeeeeeeeeeeeeee,0x4a3755eb99ae8b22aafb8f16f0c51cf68eb60b85,0x4a3755eb99ae8b22aafb8f16f0c51cf68eb60b85
0xab47152d3738485f514a0d45b83ddf4ecddd4fc30b567a5905be7936ffbc4b4f,0xb04e6891e584f2884ad2ee90b6545ba44f843c4a,Allocate,0.000314565,42161,42161,27,0xe9dA9D6B646C693b0651c7926E4666C924C4d01A,314565048349756.0,0xeeeeeeeeeeeeeeeeeeeeeeeeeeeeeeeeeeeeeeee,0xb04e6891e584f2884ad2ee90b6545ba44f843c4a,0xb04e6891e584f2884ad2ee90b6545ba44f843c4a
0x1962cd0b8d5ca50a8c223b0ccba88827810490e8fc935cb1982b393cf34183ed,0x4a3755eb99ae8b22aafb8f16f0c51cf68eb60b85,Allocate,0.00031431,42161,42161,24,0xE9520465f25005aBD24AB46aa4C622DBCF1b79E0,314310284846842.0,0xeeeeeeeeeeeeeeeeeeeeeeeeeeeeeeeeeeeeeeee,0x4a3755eb99ae8b22aafb8f16f0c51cf68eb60b85,0x4a3755eb99ae8b22aafb8f16f0c51cf68eb60b85
0x39cf6750e81f4640e8a92f31fe7f56a43596d5ea43d4c9004f32a470248a4d1d,0xac9a626c94032d2d4b5317af798ac48ba503e1e2,Allocate,0.000313553,42161,42161,25,0x8c8c259579e596b7BdB2BbC3E17D1b8d71E7a56d,313553191481424.0,0xeeeeeeeeeeeeeeeeeeeeeeeeeeeeeeeeeeeeeeee,0xac9a626c94032d2d4b5317af798ac48ba503e1e2,0xac9a626c94032d2d4b5317af798ac48ba503e1e2
0xc9d8b63e5b2566a19e22250d90c7f8efaee1b419205fa04ccc17d682aa820951,0xd3316c7b1567f1465ff0716708262e585333707d,Allocate,0.001567778,42161,42161,25,0x8c8c259579e596b7BdB2BbC3E17D1b8d71E7a56d,1567778040739785.0,0xeeeeeeeeeeeeeeeeeeeeeeeeeeeeeeeeeeeeeeee,0xd3316c7b1567f1465ff0716708262e585333707d,0xd3316c7b1567f1465ff0716708262e585333707d
0x8d7c63dabd02ada451cc192f7c4ddcd1374bb6aa80c6aa380bcc0cf0cc6cfb49,0x4a3755eb99ae8b22aafb8f16f0c51cf68eb60b85,Allocate,0.000482939,42161,42161,27,0x1678f8AEe350FE5Bef26867768002B69677306bD,482939359917273.0,0xeeeeeeeeeeeeeeeeeeeeeeeeeeeeeeeeeeeeeeee,0x4a3755eb99ae8b22aafb8f16f0c51cf68eb60b85,0x4a3755eb99ae8b22aafb8f16f0c51cf68eb60b85
0x0b0e79825e4e6e73b53899cf2926b182705d552c365f52f3adece25751754858,0x6b2b94b69f03f3b3a917778e610f41f1318a5bf0,Allocate,0.00032196,42161,42161,26,0xD9295933C51Bdd450d37bfC4FdF93415cA5712EA,321959573278182.0,0xeeeeeeeeeeeeeeeeeeeeeeeeeeeeeeeeeeeeeeee,0x6b2b94b69f03f3b3a917778e610f41f1318a5bf0,0x6b2b94b69f03f3b3a917778e610f41f1318a5bf0
0x85379777972a826cd9be2dae7f9d3ba2677915825167e5f11e5e6136032b5729,0x2a5a847dfef231ed9a680d32c3bb39582423e72f,Allocate,0.00034742,42161,42161,25,0x8c8c259579e596b7BdB2BbC3E17D1b8d71E7a56d,347419602599982.0,0xeeeeeeeeeeeeeeeeeeeeeeeeeeeeeeeeeeeeeeee,0x2a5a847dfef231ed9a680d32c3bb39582423e72f,0x2a5a847dfef231ed9a680d32c3bb39582423e72f
0x08c6f07ac114dcc26b36513c7eb3ae38ac750c65d40e59834627b1a126d63406,0xb04e6891e584f2884ad2ee90b6545ba44f843c4a,Allocate,0.0006761769999999999,42161,42161,29,0x520CB7745C8767c3d5C57C0Dda0F821A9A68c10C,676177009197656.0,0xeeeeeeeeeeeeeeeeeeeeeeeeeeeeeeeeeeeeeeee,0xb04e6891e584f2884ad2ee90b6545ba44f843c4a,0xb04e6891e584f2884ad2ee90b6545ba44f843c4a
0x3f434b97e60a0a3068073f52923691fcfd14faa3d905af33758a52b7e7fd4275,0x4a3755eb99ae8b22aafb8f16f0c51cf68eb60b85,Allocate,0.000340675,42161,42161,29,0x520CB7745C8767c3d5C57C0Dda0F821A9A68c10C,340674516266692.0,0xeeeeeeeeeeeeeeeeeeeeeeeeeeeeeeeeeeeeeeee,0x4a3755eb99ae8b22aafb8f16f0c51cf68eb60b85,0x4a3755eb99ae8b22aafb8f16f0c51cf68eb60b85
0xe004b6bae5d03a8aa0defbd94a18b44c5ca1300af707efa9f765f4de9865a9ac,0x6b2b94b69f03f3b3a917778e610f41f1318a5bf0,Allocate,0.00033507,42161,42161,25,0x89cDc7A9834996349110D1DE5208A525723D8a27,335070324418284.0,0xeeeeeeeeeeeeeeeeeeeeeeeeeeeeeeeeeeeeeeee,0x6b2b94b69f03f3b3a917778e610f41f1318a5bf0,0x6b2b94b69f03f3b3a917778e610f41f1318a5bf0
0xab16c4568f8f07a8037749bbe65576e2efd2542471973c561c6010b2c45c41bb,0x4a3755eb99ae8b22aafb8f16f0c51cf68eb60b85,Allocate,0.00033453,42161,42161,29,0x30ac656d79B4D523B5887bCc2F617e6381A46531,334530180931782.0,0xeeeeeeeeeeeeeeeeeeeeeeeeeeeeeeeeeeeeeeee,0x4a3755eb99ae8b22aafb8f16f0c51cf68eb60b85,0x4a3755eb99ae8b22aafb8f16f0c51cf68eb60b85
0xa7ec16c630deb314b92df6d1290afc31ac33aa4181676f52bc953d495f3329ce,0x36f322fc85b24ab13263cfe9217b28f8e2b38381,Allocate,0.000319401,42161,42161,24,0xE6F62e778F586385c31Ee7Db1Dae1AcDC214BC70,319401463219871.0,0xeeeeeeeeeeeeeeeeeeeeeeeeeeeeeeeeeeeeeeee,0x36f322fc85b24ab13263cfe9217b28f8e2b38381,0x36f322fc85b24ab13263cfe9217b28f8e2b38381
0x229737763d8e6e24f892f5745eeb967a0407ad697564561bbd6bc824032246e6,0xafe55998f41d851d950874b0b5492d0709f7ed3d,Allocate,0.00063911,42161,42161,26,0xE264C2D15229340dd781052FC271A597E4a5fE00,639109820158402.0,0xeeeeeeeeeeeeeeeeeeeeeeeeeeeeeeeeeeeeeeee,0xafe55998f41d851d950874b0b5492d0709f7ed3d,0xafe55998f41d851d950874b0b5492d0709f7ed3d
0x801cb8a39e88b99123b731451df02763db4ee77f8b3ea0c926f7b9c2eb5743ed,0x334eb3ef3f8ff784d60ddcd13cb2ed8c0db8b853,Allocate,0.003502513,42161,42161,25,0x8c8c259579e596b7BdB2BbC3E17D1b8d71E7a56d,3502512825547373.0,0xeeeeeeeeeeeeeeeeeeeeeeeeeeeeeeeeeeeeeeee,0x334eb3ef3f8ff784d60ddcd13cb2ed8c0db8b853,0x334eb3ef3f8ff784d60ddcd13cb2ed8c0db8b853
0xd5236a26e7bbde2ac5a43a1911f3ae30c909b91282b1e717246669a8f61c29ef,0x426006904582f279e6214eef67ff10f6f1bf634f,Allocate,0.000322183,42161,42161,27,0x18d43Fa61A015F947BfbD0874c9f9E263c6eF55b,322182687123333.0,0xeeeeeeeeeeeeeeeeeeeeeeeeeeeeeeeeeeeeeeee,0x426006904582f279e6214eef67ff10f6f1bf634f,0x426006904582f279e6214eef67ff10f6f1bf634f
0x895d0b186595412626eca7f19890de44a57d8fc199be41f8e66d01a37cc96f00,0xa6b94ce98d6cd4f447a9c6788f169dd17f65f747,Allocate,0.000315577,42161,42161,25,0x8c8c259579e596b7BdB2BbC3E17D1b8d71E7a56d,315576904594249.0,0xeeeeeeeeeeeeeeeeeeeeeeeeeeeeeeeeeeeeeeee,0xa6b94ce98d6cd4f447a9c6788f169dd17f65f747,0xa6b94ce98d6cd4f447a9c6788f169dd17f65f747
0x091870887fabca9a530c0bcd9dea14a7bd12402f945da3102a3114891b7724ad,0xc3c252d020add12f1fae475df2dd1f7f2ba6a19b,Allocate,0.000312549,42161,42161,26,0x616308a151777F4DeDcA00e594633B43891F1374,312548943156436.0,0xeeeeeeeeeeeeeeeeeeeeeeeeeeeeeeeeeeeeeeee,0xc3c252d020add12f1fae475df2dd1f7f2ba6a19b,0xc3c252d020add12f1fae475df2dd1f7f2ba6a19b
0x9bb156eb65a12b15eea2e61e506f6509484fed0a7a749f8813903573236d9ec3,0x4a3755eb99ae8b22aafb8f16f0c51cf68eb60b85,Allocate,0.000323204,42161,42161,25,0xec466a03f5FBF841Bb13Ec30b6f61a31789d0B3D,323204484601577.0,0xeeeeeeeeeeeeeeeeeeeeeeeeeeeeeeeeeeeeeeee,0x4a3755eb99ae8b22aafb8f16f0c51cf68eb60b85,0x4a3755eb99ae8b22aafb8f16f0c51cf68eb60b85
0x554db3b7ebd4a7084d2f81ac07bbcfa9179a9a1fdef0bb492f2f25891e5a407b,0x4a3755eb99ae8b22aafb8f16f0c51cf68eb60b85,Allocate,0.000323156,42161,42161,25,0x8780EC5C0A9B1bbA610ba35721ECE6EfFEa364dE,323156040653114.0,0xeeeeeeeeeeeeeeeeeeeeeeeeeeeeeeeeeeeeeeee,0x4a3755eb99ae8b22aafb8f16f0c51cf68eb60b85,0x4a3755eb99ae8b22aafb8f16f0c51cf68eb60b85
0xedc2afa626ef8aee9942b1b81b95fcc956a6210d59968ceda195bf71f9784d92,0x8a1fc345452e881c13889d64c99b5cf6f682560f,Allocate,0.0016167179999999998,42161,42161,24,0xE9520465f25005aBD24AB46aa4C622DBCF1b79E0,1616717703061909.0,0xeeeeeeeeeeeeeeeeeeeeeeeeeeeeeeeeeeeeeeee,0x8a1fc345452e881c13889d64c99b5cf6f682560f,0x8a1fc345452e881c13889d64c99b5cf6f682560f
0x3f4c76ffe55b892b563be725733d9aa67acc4098539e80c3bc28c32530d468d0,0x8a1fc345452e881c13889d64c99b5cf6f682560f,Allocate,0.0016158639999999998,42161,42161,29,0xd621064dbE8C2186c714B6959b6567a89B82bC62,1615864476451650.0,0xeeeeeeeeeeeeeeeeeeeeeeeeeeeeeeeeeeeeeeee,0x8a1fc345452e881c13889d64c99b5cf6f682560f,0x8a1fc345452e881c13889d64c99b5cf6f682560f
0xa5a8e56104565d4c0fed9626b888ce2b03e929ff610ad50d33f628a14ada8eb1,0x4df83971f6f1bfd8d33a2e79584bdfde75f4df60,Allocate,0.000647595,42161,42161,25,0xc191B435D1162B7dCF99AcaD68135c3A511d1C35,647594505153994.0,0xeeeeeeeeeeeeeeeeeeeeeeeeeeeeeeeeeeeeeeee,0x4df83971f6f1bfd8d33a2e79584bdfde75f4df60,0x4df83971f6f1bfd8d33a2e79584bdfde75f4df60
0xa10d9b5752d325cf533f0c8435bc6cf38ef492f1d7863c95fbff127fc4aa4333,0x4a3755eb99ae8b22aafb8f16f0c51cf68eb60b85,Allocate,0.000319271,42161,42161,28,0xb8f55D18caB37D3D00Eae83Fa661C42E83977ffA,319270981508977.0,0xeeeeeeeeeeeeeeeeeeeeeeeeeeeeeeeeeeeeeeee,0x4a3755eb99ae8b22aafb8f16f0c51cf68eb60b85,0x4a3755eb99ae8b22aafb8f16f0c51cf68eb60b85
0xbf98c77f3722c49c5be1f9aa799d8c35e619feb7dd6d85028629778515c0bd3c,0x2df292af809fd693d94c7d17e36be352e15bb98a,Allocate,0.000647116,42161,42161,26,0xb1c90D1Dcb96f5361074d495E876a1E6F57A689C,647115606626238.0,0xeeeeeeeeeeeeeeeeeeeeeeeeeeeeeeeeeeeeeeee,0x2df292af809fd693d94c7d17e36be352e15bb98a,0x2df292af809fd693d94c7d17e36be352e15bb98a
0x4108981cb3b030c4d33b8cf784a5b9d0fdd7e7049718120cd8cf4ae7e8be6384,0xc5f137faffdcbd8a8b866d04bde625c953193bee,Allocate,0.000648304,42161,42161,25,0x8c8c259579e596b7BdB2BbC3E17D1b8d71E7a56d,648304004529150.0,0xeeeeeeeeeeeeeeeeeeeeeeeeeeeeeeeeeeeeeeee,0xc5f137faffdcbd8a8b866d04bde625c953193bee,0xc5f137faffdcbd8a8b866d04bde625c953193bee
0xa615f8e28088601f5946ddb80f0b33ec3486ad10efbdfcc144eed7dfa7407b55,0xfb82e030496f497b7f057febf64077ada2bc19c9,Allocate,0.000324687,42161,42161,26,0x1896A6e321F73364902f6964107A50cA007BF0FF,324686691182834.0,0xeeeeeeeeeeeeeeeeeeeeeeeeeeeeeeeeeeeeeeee,0xfb82e030496f497b7f057febf64077ada2bc19c9,0xfb82e030496f497b7f057febf64077ada2bc19c9
0x91e2bb5e13e576c024ed9d522bb96102980b5e8f7323dcf272460a0ec802b4a6,0x7b952b9909b26fe9f0b27131d588224b991ce111,Allocate,0.00065727,42161,42161,25,0x8c8c259579e596b7BdB2BbC3E17D1b8d71E7a56d,657270106849272.0,0xeeeeeeeeeeeeeeeeeeeeeeeeeeeeeeeeeeeeeeee,0x7b952b9909b26fe9f0b27131d588224b991ce111,0x7b952b9909b26fe9f0b27131d588224b991ce111
0x0172a03aa9f09de3c3fd22601f1b498b0dccc10c9ac5d78d8bcec89b4b7db411,0x5b1899d88b4ff0cf5a34651e7ce7164398211c66,Allocate,0.000654005,42161,42161,24,0x7e9d94Fcaf5a9231Bfa13E2eCA08F58370d4F4C1,654004926923944.0,0xeeeeeeeeeeeeeeeeeeeeeeeeeeeeeeeeeeeeeeee,0x5b1899d88b4ff0cf5a34651e7ce7164398211c66,0x5b1899d88b4ff0cf5a34651e7ce7164398211c66
0x8d08d0fb0215ef0408e82edbdad00a8b96fa78e88ede7048c06fd4f81a0d1a40,0x4a3755eb99ae8b22aafb8f16f0c51cf68eb60b85,Allocate,0.000327021,42161,42161,25,0xFEED71D3b495152808BC05E65F113b67Af3bB2c5,327021080226223.0,0xeeeeeeeeeeeeeeeeeeeeeeeeeeeeeeeeeeeeeeee,0x4a3755eb99ae8b22aafb8f16f0c51cf68eb60b85,0x4a3755eb99ae8b22aafb8f16f0c51cf68eb60b85
0xfd850097681f1a53fe9583f33bbec78f960b0225e08b8f3b86d21a8245bbfe60,0x4a3755eb99ae8b22aafb8f16f0c51cf68eb60b85,Allocate,0.000326967,42161,42161,25,0xCd258acEF60f17dfc9d0A93CBeaebb30928c0158,326967061258410.0,0xeeeeeeeeeeeeeeeeeeeeeeeeeeeeeeeeeeeeeeee,0x4a3755eb99ae8b22aafb8f16f0c51cf68eb60b85,0x4a3755eb99ae8b22aafb8f16f0c51cf68eb60b85
0xdf094992308ad593c51f35707ee3f8c95d41289697e3c8b4d3194cd4bf3e59e6,0xc383cb70f718ea70a41f8d4838d3d856c2e3b8ae,Allocate,0.000327,42161,42161,25,0x9063b75A90a5f0fBA6f87168c1e7b9CCBa567DF1,327000334559934.0,0xeeeeeeeeeeeeeeeeeeeeeeeeeeeeeeeeeeeeeeee,0xc383cb70f718ea70a41f8d4838d3d856c2e3b8ae,0xc383cb70f718ea70a41f8d4838d3d856c2e3b8ae
0x3b2d514a9fa7bdf665a091a729401ccd40a221f9f00acd8816aa9179dfd93f51,0x4a3755eb99ae8b22aafb8f16f0c51cf68eb60b85,Allocate,0.000327011,42161,42161,25,0xfb354294C904142368293Ba987751C956453F44C,327011111416783.0,0xeeeeeeeeeeeeeeeeeeeeeeeeeeeeeeeeeeeeeeee,0x4a3755eb99ae8b22aafb8f16f0c51cf68eb60b85,0x4a3755eb99ae8b22aafb8f16f0c51cf68eb60b85
0x070cfe491584b512ff7aebe2b5f5cfe648e7745340cadc99bd128222619cb22b,0x4a3755eb99ae8b22aafb8f16f0c51cf68eb60b85,Allocate,0.000326413,42161,42161,27,0xB972896DdaA01EE58Cb2e8C36772dC9450D97a30,326413434343846.0,0xeeeeeeeeeeeeeeeeeeeeeeeeeeeeeeeeeeeeeeee,0x4a3755eb99ae8b22aafb8f16f0c51cf68eb60b85,0x4a3755eb99ae8b22aafb8f16f0c51cf68eb60b85
0x600a6777a0006d199272427ee0ce8f9fcace75c8b216af3c54c5af5908da83cf,0x4a3755eb99ae8b22aafb8f16f0c51cf68eb60b85,Allocate,0.000326834,42161,42161,27,0xa7b38D18Fa8c5487Fd6aEB0210b6c7c9Bea579a6,326833881502108.0,0xeeeeeeeeeeeeeeeeeeeeeeeeeeeeeeeeeeeeeeee,0x4a3755eb99ae8b22aafb8f16f0c51cf68eb60b85,0x4a3755eb99ae8b22aafb8f16f0c51cf68eb60b85
0x37a07fc5f4e5447561212cc1ccd8e8e80ae60898426f0126ed10b537aeee46b6,0x4a3755eb99ae8b22aafb8f16f0c51cf68eb60b85,Allocate,0.000326835,42161,42161,27,0x71A696b5028e92c3BAC353535A9a4c7291dAC262,326835110814042.0,0xeeeeeeeeeeeeeeeeeeeeeeeeeeeeeeeeeeeeeeee,0x4a3755eb99ae8b22aafb8f16f0c51cf68eb60b85,0x4a3755eb99ae8b22aafb8f16f0c51cf68eb60b85
0x25c7811d754df6ec206762fb149211f40fb4eb4ec0051e19276d6a6415edea9d,0x302a581df236a2fa255cf4a576c47c99ed5cccb8,Allocate,0.000326175,42161,42161,26,0xE5A0708528Ef073c742e5ead167e0aE004Fcc2CA,326175476645461.0,0xeeeeeeeeeeeeeeeeeeeeeeeeeeeeeeeeeeeeeeee,0x302a581df236a2fa255cf4a576c47c99ed5cccb8,0x302a581df236a2fa255cf4a576c47c99ed5cccb8
0xfd59b18a7da41fabca77151f32484fe74b162558a1b2a436314f517155882cbb,0x302a581df236a2fa255cf4a576c47c99ed5cccb8,Allocate,0.000326175,42161,42161,25,0x0b86F8a20c2b3Fed2e39B227A62c63Ea2aB1ab25,326175476645461.0,0xeeeeeeeeeeeeeeeeeeeeeeeeeeeeeeeeeeeeeeee,0x302a581df236a2fa255cf4a576c47c99ed5cccb8,0x302a581df236a2fa255cf4a576c47c99ed5cccb8
0x792d0198796893fd41fe1cb2e1a292c5b10f8b7f00addbdb4221e250114b4b9a,0x302a581df236a2fa255cf4a576c47c99ed5cccb8,Allocate,0.000326175,42161,42161,25,0x8c8c259579e596b7BdB2BbC3E17D1b8d71E7a56d,326175476645461.0,0xeeeeeeeeeeeeeeeeeeeeeeeeeeeeeeeeeeeeeeee,0x302a581df236a2fa255cf4a576c47c99ed5cccb8,0x302a581df236a2fa255cf4a576c47c99ed5cccb8
0x9afc35ca1a59cb7bc4912402ccef7b6b4e9cc634bef20f621eec276be2a87cff,0x302a581df236a2fa255cf4a576c47c99ed5cccb8,Allocate,0.000326175,42161,42161,25,0x3F3986cb53B1c0058e7f4f39D34E42106E587095,326175476645461.0,0xeeeeeeeeeeeeeeeeeeeeeeeeeeeeeeeeeeeeeeee,0x302a581df236a2fa255cf4a576c47c99ed5cccb8,0x302a581df236a2fa255cf4a576c47c99ed5cccb8
0xf91aeef5b19ea5936bd4b8403d3469ba0238823ec217f7d9c55b885ed51c5a65,0x302a581df236a2fa255cf4a576c47c99ed5cccb8,Allocate,0.000326175,42161,42161,26,0xB45c368c6e34Ae462cfC09Be2Ff3c9CfbEA68E76,326175476645461.0,0xeeeeeeeeeeeeeeeeeeeeeeeeeeeeeeeeeeeeeeee,0x302a581df236a2fa255cf4a576c47c99ed5cccb8,0x302a581df236a2fa255cf4a576c47c99ed5cccb8
0xcfb2eb83ad24016f55d60cf7baf0f28469a87e03eadf5695a7edbe967d024c24,0x302a581df236a2fa255cf4a576c47c99ed5cccb8,Allocate,0.000326175,42161,42161,26,0x88fab47A53Be5a0e00Cd67Ec8d1146185B325B60,326175476645461.0,0xeeeeeeeeeeeeeeeeeeeeeeeeeeeeeeeeeeeeeeee,0x302a581df236a2fa255cf4a576c47c99ed5cccb8,0x302a581df236a2fa255cf4a576c47c99ed5cccb8
0x104c2a070e8a86911e0dacf4e98c9f59026378a80f92304217429967b565994c,0x302a581df236a2fa255cf4a576c47c99ed5cccb8,Allocate,0.000326175,42161,42161,25,0xcB1e7848B62fA024ae72bC853039433203318CbF,326175476645461.0,0xeeeeeeeeeeeeeeeeeeeeeeeeeeeeeeeeeeeeeeee,0x302a581df236a2fa255cf4a576c47c99ed5cccb8,0x302a581df236a2fa255cf4a576c47c99ed5cccb8
0x4fa6645b6be9877ded782cfe2ad1bc8a56edef2a521ea2d6b8d0de8cf7a2fc95,0x302a581df236a2fa255cf4a576c47c99ed5cccb8,Allocate,0.000326175,42161,42161,26,0xE264C2D15229340dd781052FC271A597E4a5fE00,326175476645461.0,0xeeeeeeeeeeeeeeeeeeeeeeeeeeeeeeeeeeeeeeee,0x302a581df236a2fa255cf4a576c47c99ed5cccb8,0x302a581df236a2fa255cf4a576c47c99ed5cccb8
0xd738685e46654f242c0e8c5d987e61d9ce84a9898dea0b9758a934757057544a,0x302a581df236a2fa255cf4a576c47c99ed5cccb8,Allocate,0.000326175,42161,42161,25,0x5A00128F4E63308FF0C3a644B15eE38309805edD,326175476645461.0,0xeeeeeeeeeeeeeeeeeeeeeeeeeeeeeeeeeeeeeeee,0x302a581df236a2fa255cf4a576c47c99ed5cccb8,0x302a581df236a2fa255cf4a576c47c99ed5cccb8
0x6656f25fb3c709f3fb6156497879ba378d9d4e5b14513996302cbafe9f4ea6b3,0x302a581df236a2fa255cf4a576c47c99ed5cccb8,Allocate,0.000326175,42161,42161,25,0xfb354294C904142368293Ba987751C956453F44C,326175476645461.0,0xeeeeeeeeeeeeeeeeeeeeeeeeeeeeeeeeeeeeeeee,0x302a581df236a2fa255cf4a576c47c99ed5cccb8,0x302a581df236a2fa255cf4a576c47c99ed5cccb8
0x91e6698fd5d58eba0a69eea065c1e1594f8dc57927c0bd7dc006a6bea740ff21,0x302a581df236a2fa255cf4a576c47c99ed5cccb8,Allocate,0.000326175,42161,42161,27,0x203d6896485ACeEFF579c8d6192646b8FE16363c,326175476645461.0,0xeeeeeeeeeeeeeeeeeeeeeeeeeeeeeeeeeeeeeeee,0x302a581df236a2fa255cf4a576c47c99ed5cccb8,0x302a581df236a2fa255cf4a576c47c99ed5cccb8
0x8b9eeff0126ec8ad68dd5e6f7af8ae88d11a99279bc6385020990272ff506a9b,0xeebf48360c333407076f4a8191017bd30a88af56,Allocate,0.000326175,42161,42161,25,0x8c8c259579e596b7BdB2BbC3E17D1b8d71E7a56d,326175476645461.0,0xeeeeeeeeeeeeeeeeeeeeeeeeeeeeeeeeeeeeeeee,0xeebf48360c333407076f4a8191017bd30a88af56,0xeebf48360c333407076f4a8191017bd30a88af56
0x14c38cd832a5251bbdc132a7e4d49edf36241bd31f9548bd1381364f4ab69a91,0x302a581df236a2fa255cf4a576c47c99ed5cccb8,Allocate,0.000326175,42161,42161,27,0x1678f8AEe350FE5Bef26867768002B69677306bD,326175476645461.0,0xeeeeeeeeeeeeeeeeeeeeeeeeeeeeeeeeeeeeeeee,0x302a581df236a2fa255cf4a576c47c99ed5cccb8,0x302a581df236a2fa255cf4a576c47c99ed5cccb8
0x3a027cef1dc884653e14479340e23a3eab1900bc16ea7f993c0543aef1f8441e,0x41acf609076348a33d6a19b3e065e68420449fbc,Allocate,0.00032613900000000003,42161,42161,26,0xE5A0708528Ef073c742e5ead167e0aE004Fcc2CA,326139414383250.0,0xeeeeeeeeeeeeeeeeeeeeeeeeeeeeeeeeeeeeeeee,0x41acf609076348a33d6a19b3e065e68420449fbc,0x41acf609076348a33d6a19b3e065e68420449fbc
0x35de1af81d96c9b43462b39a26dcde862d023d1b532d70ac71d4c0f97ad70c94,0x41acf609076348a33d6a19b3e065e68420449fbc,Allocate,0.00032613900000000003,42161,42161,25,0x0b86F8a20c2b3Fed2e39B227A62c63Ea2aB1ab25,326139414383250.0,0xeeeeeeeeeeeeeeeeeeeeeeeeeeeeeeeeeeeeeeee,0x41acf609076348a33d6a19b3e065e68420449fbc,0x41acf609076348a33d6a19b3e065e68420449fbc
0x98f00cc9e6452d87337215a14dddd5402345858dfa0bfe2493298a8e1ef08fd0,0x41acf609076348a33d6a19b3e065e68420449fbc,Allocate,0.00032613900000000003,42161,42161,25,0x8c8c259579e596b7BdB2BbC3E17D1b8d71E7a56d,326139414383250.0,0xeeeeeeeeeeeeeeeeeeeeeeeeeeeeeeeeeeeeeeee,0x41acf609076348a33d6a19b3e065e68420449fbc,0x41acf609076348a33d6a19b3e065e68420449fbc
0xfbda7d006f9264090ef1121db2586a29dd8906b111e5ff65865b2daa2c2064d6,0x41acf609076348a33d6a19b3e065e68420449fbc,Allocate,0.00032613,42161,42161,25,0x3F3986cb53B1c0058e7f4f39D34E42106E587095,326129537368925.0,0xeeeeeeeeeeeeeeeeeeeeeeeeeeeeeeeeeeeeeeee,0x41acf609076348a33d6a19b3e065e68420449fbc,0x41acf609076348a33d6a19b3e065e68420449fbc
0xf9e59e36e8f9959003678d17d96d45bcd9ed50e243a5d2adf25f454c04233796,0x41acf609076348a33d6a19b3e065e68420449fbc,Allocate,0.00032613,42161,42161,26,0xB45c368c6e34Ae462cfC09Be2Ff3c9CfbEA68E76,326129537368925.0,0xeeeeeeeeeeeeeeeeeeeeeeeeeeeeeeeeeeeeeeee,0x41acf609076348a33d6a19b3e065e68420449fbc,0x41acf609076348a33d6a19b3e065e68420449fbc
0xd60784ab88f4a2bd6a232ead8be66ad1cce9953ce1b8d1363925d5361af87436,0x41acf609076348a33d6a19b3e065e68420449fbc,Allocate,0.000326477,42161,42161,26,0x88fab47A53Be5a0e00Cd67Ec8d1146185B325B60,326477132108161.0,0xeeeeeeeeeeeeeeeeeeeeeeeeeeeeeeeeeeeeeeee,0x41acf609076348a33d6a19b3e065e68420449fbc,0x41acf609076348a33d6a19b3e065e68420449fbc
0xb78ba390973d60777eb7d1385f6f82dee9c1112d521a9ea52d41f3a873f47cc3,0x41acf609076348a33d6a19b3e065e68420449fbc,Allocate,0.000326477,42161,42161,25,0xcB1e7848B62fA024ae72bC853039433203318CbF,326477132108161.0,0xeeeeeeeeeeeeeeeeeeeeeeeeeeeeeeeeeeeeeeee,0x41acf609076348a33d6a19b3e065e68420449fbc,0x41acf609076348a33d6a19b3e065e68420449fbc
0x042d1151d0071832718b54c7435af8d146fe716824916e92e8e3514580fe84cf,0x41acf609076348a33d6a19b3e065e68420449fbc,Allocate,0.000326978,42161,42161,26,0xE264C2D15229340dd781052FC271A597E4a5fE00,326977761204741.0,0xeeeeeeeeeeeeeeeeeeeeeeeeeeeeeeeeeeeeeeee,0x41acf609076348a33d6a19b3e065e68420449fbc,0x41acf609076348a33d6a19b3e065e68420449fbc
0x6807f09c846ce83a72b86b9b6d8a84b8490f1a53e7c513fbde2db7161490a50b,0x41acf609076348a33d6a19b3e065e68420449fbc,Allocate,0.000327054,42161,42161,25,0x5A00128F4E63308FF0C3a644B15eE38309805edD,327053720075799.0,0xeeeeeeeeeeeeeeeeeeeeeeeeeeeeeeeeeeeeeeee,0x41acf609076348a33d6a19b3e065e68420449fbc,0x41acf609076348a33d6a19b3e065e68420449fbc
0x88bc1c9571976b76ef1c1fafecd468e1d3c59ec9e7ff5848f653cfe7ea4217fc,0x41acf609076348a33d6a19b3e065e68420449fbc,Allocate,0.0004906040000000001,42161,42161,25,0xfb354294C904142368293Ba987751C956453F44C,490603660328186.0,0xeeeeeeeeeeeeeeeeeeeeeeeeeeeeeeeeeeeeeeee,0x41acf609076348a33d6a19b3e065e68420449fbc,0x41acf609076348a33d6a19b3e065e68420449fbc
0x1b0c1cb62c04346da021b77ca358798bc168fa2e73b2c373911a623916e6f18c,0x41acf609076348a33d6a19b3e065e68420449fbc,Allocate,0.000327139,42161,42161,27,0x203d6896485ACeEFF579c8d6192646b8FE16363c,327139403386750.0,0xeeeeeeeeeeeeeeeeeeeeeeeeeeeeeeeeeeeeeeee,0x41acf609076348a33d6a19b3e065e68420449fbc,0x41acf609076348a33d6a19b3e065e68420449fbc
0x2a9aa35ee945aa1c0131d5350d5ec4c72f294a6a4eebf86509a305c27892bd7f,0x41acf609076348a33d6a19b3e065e68420449fbc,Allocate,0.000327142,42161,42161,27,0x1678f8AEe350FE5Bef26867768002B69677306bD,327142064346914.0,0xeeeeeeeeeeeeeeeeeeeeeeeeeeeeeeeeeeeeeeee,0x41acf609076348a33d6a19b3e065e68420449fbc,0x41acf609076348a33d6a19b3e065e68420449fbc
0xae7dad2359981c6862420b1539fb29fea503e335ccde60ca606bfefab4f1e866,0xd3e64fd34e22271fb8922451ec41d8e62e19b6bc,Allocate,0.000327099,42161,42161,26,0xE5A0708528Ef073c742e5ead167e0aE004Fcc2CA,327099435366567.0,0xeeeeeeeeeeeeeeeeeeeeeeeeeeeeeeeeeeeeeeee,0xd3e64fd34e22271fb8922451ec41d8e62e19b6bc,0xd3e64fd34e22271fb8922451ec41d8e62e19b6bc
0x556b00662deb75f478646b3260f669d13d74b5c9d7901db69b9b1c9f081e07a5,0xd3e64fd34e22271fb8922451ec41d8e62e19b6bc,Allocate,0.000327099,42161,42161,25,0x0b86F8a20c2b3Fed2e39B227A62c63Ea2aB1ab25,327099435366567.0,0xeeeeeeeeeeeeeeeeeeeeeeeeeeeeeeeeeeeeeeee,0xd3e64fd34e22271fb8922451ec41d8e62e19b6bc,0xd3e64fd34e22271fb8922451ec41d8e62e19b6bc
0xa728c16a8af112f58eb0a82fd341d40d1d447863ce006c307d7fee1e72d73906,0xd3e64fd34e22271fb8922451ec41d8e62e19b6bc,Allocate,0.000327099,42161,42161,25,0x8c8c259579e596b7BdB2BbC3E17D1b8d71E7a56d,327099435366567.0,0xeeeeeeeeeeeeeeeeeeeeeeeeeeeeeeeeeeeeeeee,0xd3e64fd34e22271fb8922451ec41d8e62e19b6bc,0xd3e64fd34e22271fb8922451ec41d8e62e19b6bc
0x5fedb7f6ac65c3451197900cb1c68e223c82558615dafc5299d553f67ee3575d,0xd3e64fd34e22271fb8922451ec41d8e62e19b6bc,Allocate,0.000327082,42161,42161,25,0x3F3986cb53B1c0058e7f4f39D34E42106E587095,327082001417187.0,0xeeeeeeeeeeeeeeeeeeeeeeeeeeeeeeeeeeeeeeee,0xd3e64fd34e22271fb8922451ec41d8e62e19b6bc,0xd3e64fd34e22271fb8922451ec41d8e62e19b6bc
0x0a1b55ee28d3f697ab21c8d6db7c8023a06fac7005689533b9e75f45e0f91e4e,0xd3e64fd34e22271fb8922451ec41d8e62e19b6bc,Allocate,0.000327082,42161,42161,26,0xB45c368c6e34Ae462cfC09Be2Ff3c9CfbEA68E76,327082001417187.0,0xeeeeeeeeeeeeeeeeeeeeeeeeeeeeeeeeeeeeeeee,0xd3e64fd34e22271fb8922451ec41d8e62e19b6bc,0xd3e64fd34e22271fb8922451ec41d8e62e19b6bc
0xcbb1778a5eef83789f7d8fc0fd5d5fef8e2ab63b4d1b97f8b58dd75b97e20dbc,0xd3e64fd34e22271fb8922451ec41d8e62e19b6bc,Allocate,0.000327081,42161,42161,26,0x88fab47A53Be5a0e00Cd67Ec8d1146185B325B60,327081390262755.0,0xeeeeeeeeeeeeeeeeeeeeeeeeeeeeeeeeeeeeeeee,0xd3e64fd34e22271fb8922451ec41d8e62e19b6bc,0xd3e64fd34e22271fb8922451ec41d8e62e19b6bc
0xd99dc31c8c3c85d29bc3fcd0ce9a4be3859c92320e205c2e788f9648b7acaae3,0xd3e64fd34e22271fb8922451ec41d8e62e19b6bc,Allocate,0.000326887,42161,42161,25,0xcB1e7848B62fA024ae72bC853039433203318CbF,326887082684605.0,0xeeeeeeeeeeeeeeeeeeeeeeeeeeeeeeeeeeeeeeee,0xd3e64fd34e22271fb8922451ec41d8e62e19b6bc,0xd3e64fd34e22271fb8922451ec41d8e62e19b6bc
0xa4e389c4a0da1a860a0c0e1b79bc686a996e6395267dee29e342d48cc6275abd,0xd3e64fd34e22271fb8922451ec41d8e62e19b6bc,Allocate,0.000326887,42161,42161,26,0xE264C2D15229340dd781052FC271A597E4a5fE00,326887082684605.0,0xeeeeeeeeeeeeeeeeeeeeeeeeeeeeeeeeeeeeeeee,0xd3e64fd34e22271fb8922451ec41d8e62e19b6bc,0xd3e64fd34e22271fb8922451ec41d8e62e19b6bc
0x968e9d5942d9282950d73d7ef6d8689959fd52bf6c4dba5df07021d1062cea9f,0xd3e64fd34e22271fb8922451ec41d8e62e19b6bc,Allocate,0.000326886,42161,42161,25,0x5A00128F4E63308FF0C3a644B15eE38309805edD,326885596104793.0,0xeeeeeeeeeeeeeeeeeeeeeeeeeeeeeeeeeeeeeeee,0xd3e64fd34e22271fb8922451ec41d8e62e19b6bc,0xd3e64fd34e22271fb8922451ec41d8e62e19b6bc
0xb7444edfdba584b5508b3b67bc11169528526bb163a61966115937a99b3adc3a,0xd3e64fd34e22271fb8922451ec41d8e62e19b6bc,Allocate,0.000326886,42161,42161,25,0xfb354294C904142368293Ba987751C956453F44C,326885596104793.0,0xeeeeeeeeeeeeeeeeeeeeeeeeeeeeeeeeeeeeeeee,0xd3e64fd34e22271fb8922451ec41d8e62e19b6bc,0xd3e64fd34e22271fb8922451ec41d8e62e19b6bc
0x568d2d7bb81d07566e209d4182dc0fa5edd94ebe29b29e33bfbc9430a5ef229f,0xd3e64fd34e22271fb8922451ec41d8e62e19b6bc,Allocate,0.000326884,42161,42161,27,0x203d6896485ACeEFF579c8d6192646b8FE16363c,326883820364744.0,0xeeeeeeeeeeeeeeeeeeeeeeeeeeeeeeeeeeeeeeee,0xd3e64fd34e22271fb8922451ec41d8e62e19b6bc,0xd3e64fd34e22271fb8922451ec41d8e62e19b6bc
0xcde3a5a4cc51ea6aacd6e0ef394ce9645234b07a89bb058bb973b06f1ac6c9eb,0xd3e64fd34e22271fb8922451ec41d8e62e19b6bc,Allocate,0.000326884,42161,42161,27,0x1678f8AEe350FE5Bef26867768002B69677306bD,326883820364744.0,0xeeeeeeeeeeeeeeeeeeeeeeeeeeeeeeeeeeeeeeee,0xd3e64fd34e22271fb8922451ec41d8e62e19b6bc,0xd3e64fd34e22271fb8922451ec41d8e62e19b6bc
0x605034362d48b991e317ea4a3ff2779f6a190c9924b81fcdf27af6c11e2dad95,0x4a3755eb99ae8b22aafb8f16f0c51cf68eb60b85,Allocate,0.000326883,42161,42161,27,0x7A8fE102f246087129960921A992D7db281A2753,326882694720204.0,0xeeeeeeeeeeeeeeeeeeeeeeeeeeeeeeeeeeeeeeee,0x4a3755eb99ae8b22aafb8f16f0c51cf68eb60b85,0x4a3755eb99ae8b22aafb8f16f0c51cf68eb60b85
0x9d8e8c2636f5a775bc4033eb156b70c8607a0a83b3895c09a5cfae21d9777b9b,0x68847907f2cd96417747de6588fc2e19ed492ec5,Allocate,0.000326893,42161,42161,26,0xE5A0708528Ef073c742e5ead167e0aE004Fcc2CA,326893070844800.0,0xeeeeeeeeeeeeeeeeeeeeeeeeeeeeeeeeeeeeeeee,0x68847907f2cd96417747de6588fc2e19ed492ec5,0x68847907f2cd96417747de6588fc2e19ed492ec5
0xc260d1bf280daa80392eea1aa1a7650853160c1810b03ed5cf7dd49361336f95,0x68847907f2cd96417747de6588fc2e19ed492ec5,Allocate,0.000326893,42161,42161,25,0x0b86F8a20c2b3Fed2e39B227A62c63Ea2aB1ab25,326893070844800.0,0xeeeeeeeeeeeeeeeeeeeeeeeeeeeeeeeeeeeeeeee,0x68847907f2cd96417747de6588fc2e19ed492ec5,0x68847907f2cd96417747de6588fc2e19ed492ec5
0x7b0918fc3fb728c557f9a043275b51af47fd21777d5d9f13745ac407a8b32da2,0x68847907f2cd96417747de6588fc2e19ed492ec5,Allocate,0.000326889,42161,42161,25,0x8c8c259579e596b7BdB2BbC3E17D1b8d71E7a56d,326888675091023.0,0xeeeeeeeeeeeeeeeeeeeeeeeeeeeeeeeeeeeeeeee,0x68847907f2cd96417747de6588fc2e19ed492ec5,0x68847907f2cd96417747de6588fc2e19ed492ec5
0x2f12f538476232ee29587a38bc389128bb0aee64189d055711f6204be28a16f6,0x68847907f2cd96417747de6588fc2e19ed492ec5,Allocate,0.000326889,42161,42161,25,0x3F3986cb53B1c0058e7f4f39D34E42106E587095,326888675091023.0,0xeeeeeeeeeeeeeeeeeeeeeeeeeeeeeeeeeeeeeeee,0x68847907f2cd96417747de6588fc2e19ed492ec5,0x68847907f2cd96417747de6588fc2e19ed492ec5
0x742a97559834dc0b54cdee6615f51c044fde961df4ac10a020aaccc3f29e2607,0x68847907f2cd96417747de6588fc2e19ed492ec5,Allocate,0.000326889,42161,42161,26,0xB45c368c6e34Ae462cfC09Be2Ff3c9CfbEA68E76,326888675091023.0,0xeeeeeeeeeeeeeeeeeeeeeeeeeeeeeeeeeeeeeeee,0x68847907f2cd96417747de6588fc2e19ed492ec5,0x68847907f2cd96417747de6588fc2e19ed492ec5
0x628dd6c405697bdd5888713cb49351555a266a73f51c6f610a512f8983ccc619,0x68847907f2cd96417747de6588fc2e19ed492ec5,Allocate,0.000327148,42161,42161,26,0x88fab47A53Be5a0e00Cd67Ec8d1146185B325B60,327148144169589.0,0xeeeeeeeeeeeeeeeeeeeeeeeeeeeeeeeeeeeeeeee,0x68847907f2cd96417747de6588fc2e19ed492ec5,0x68847907f2cd96417747de6588fc2e19ed492ec5
0x6770f0dd8f53aec9e55c76832c0d49d367989e2ff927336d939d7b9fd3946dc6,0x68847907f2cd96417747de6588fc2e19ed492ec5,Allocate,0.000327164,42161,42161,25,0xcB1e7848B62fA024ae72bC853039433203318CbF,327163862817290.0,0xeeeeeeeeeeeeeeeeeeeeeeeeeeeeeeeeeeeeeeee,0x68847907f2cd96417747de6588fc2e19ed492ec5,0x68847907f2cd96417747de6588fc2e19ed492ec5
0x55c4bb1fe8aa18f34ec04f541c4e9f565c8932a03156ca8643adce5e64bdb3c5,0x68847907f2cd96417747de6588fc2e19ed492ec5,Allocate,0.000327164,42161,42161,26,0xE264C2D15229340dd781052FC271A597E4a5fE00,327163862817290.0,0xeeeeeeeeeeeeeeeeeeeeeeeeeeeeeeeeeeeeeeee,0x68847907f2cd96417747de6588fc2e19ed492ec5,0x68847907f2cd96417747de6588fc2e19ed492ec5
0x360808fad589339193dfb61651626354dbde1351fa3a70f270cf1b56905525d2,0x68847907f2cd96417747de6588fc2e19ed492ec5,Allocate,0.000327572,42161,42161,25,0x5A00128F4E63308FF0C3a644B15eE38309805edD,327571781999798.0,0xeeeeeeeeeeeeeeeeeeeeeeeeeeeeeeeeeeeeeeee,0x68847907f2cd96417747de6588fc2e19ed492ec5,0x68847907f2cd96417747de6588fc2e19ed492ec5
0x4a709e1b0bc06dc883e00c3d0840f3d9100d4fd459b8aa844dda2c033e791b93,0x68847907f2cd96417747de6588fc2e19ed492ec5,Allocate,0.000327572,42161,42161,25,0xfb354294C904142368293Ba987751C956453F44C,327571781999798.0,0xeeeeeeeeeeeeeeeeeeeeeeeeeeeeeeeeeeeeeeee,0x68847907f2cd96417747de6588fc2e19ed492ec5,0x68847907f2cd96417747de6588fc2e19ed492ec5
0xb584526ebf6e740164c18e13dd0691313e6d4ac941194b70c991ea68b6d8745d,0x68847907f2cd96417747de6588fc2e19ed492ec5,Allocate,0.000327572,42161,42161,27,0x203d6896485ACeEFF579c8d6192646b8FE16363c,327571781999798.0,0xeeeeeeeeeeeeeeeeeeeeeeeeeeeeeeeeeeeeeeee,0x68847907f2cd96417747de6588fc2e19ed492ec5,0x68847907f2cd96417747de6588fc2e19ed492ec5
0x70326835078a9ca286b6f8eea6c9f84c322c377625ffd12d8a33e9809f74b17b,0x68847907f2cd96417747de6588fc2e19ed492ec5,Allocate,0.000327632,42161,42161,27,0x1678f8AEe350FE5Bef26867768002B69677306bD,327632241272762.0,0xeeeeeeeeeeeeeeeeeeeeeeeeeeeeeeeeeeeeeeee,0x68847907f2cd96417747de6588fc2e19ed492ec5,0x68847907f2cd96417747de6588fc2e19ed492ec5
0xad963cb93a66d21d1d6447a10fc05fbc1d8f50bc9da0d252c9c8d3056ee03afe,0x591690bd38e8e13478a8147c46b82e1543c7807b,Allocate,0.000327632,42161,42161,26,0xE5A0708528Ef073c742e5ead167e0aE004Fcc2CA,327631501131478.0,0xeeeeeeeeeeeeeeeeeeeeeeeeeeeeeeeeeeeeeeee,0x591690bd38e8e13478a8147c46b82e1543c7807b,0x591690bd38e8e13478a8147c46b82e1543c7807b
0xa9f5c1a749d01a01c45e6920660d9a9b29fdfd91c47950b1d23c18fbb27bd740,0x591690bd38e8e13478a8147c46b82e1543c7807b,Allocate,0.000327632,42161,42161,25,0x0b86F8a20c2b3Fed2e39B227A62c63Ea2aB1ab25,327631501131478.0,0xeeeeeeeeeeeeeeeeeeeeeeeeeeeeeeeeeeeeeeee,0x591690bd38e8e13478a8147c46b82e1543c7807b,0x591690bd38e8e13478a8147c46b82e1543c7807b
0xdcc04b9d6db507cf818d7013d33842d230b5d43f54bd26ffb804459a1f6dcd3b,0x591690bd38e8e13478a8147c46b82e1543c7807b,Allocate,0.000327631,42161,42161,25,0x8c8c259579e596b7BdB2BbC3E17D1b8d71E7a56d,327630680719247.0,0xeeeeeeeeeeeeeeeeeeeeeeeeeeeeeeeeeeeeeeee,0x591690bd38e8e13478a8147c46b82e1543c7807b,0x591690bd38e8e13478a8147c46b82e1543c7807b
0x2d10ad46a9bf367631fe61a91e32d59136ed88090e4b8d60b15c56f6708da0fa,0x591690bd38e8e13478a8147c46b82e1543c7807b,Allocate,0.000327631,42161,42161,25,0x3F3986cb53B1c0058e7f4f39D34E42106E587095,327630680719247.0,0xeeeeeeeeeeeeeeeeeeeeeeeeeeeeeeeeeeeeeeee,0x591690bd38e8e13478a8147c46b82e1543c7807b,0x591690bd38e8e13478a8147c46b82e1543c7807b
0x097051a811c5aba8f0e82df312efa1bded597a5830d34bf2a3a55fb815bda26d,0x591690bd38e8e13478a8147c46b82e1543c7807b,Allocate,0.000327628,42161,42161,26,0xB45c368c6e34Ae462cfC09Be2Ff3c9CfbEA68E76,327627597621426.0,0xeeeeeeeeeeeeeeeeeeeeeeeeeeeeeeeeeeeeeeee,0x591690bd38e8e13478a8147c46b82e1543c7807b,0x591690bd38e8e13478a8147c46b82e1543c7807b
0x3c47c7d161625f133ee5443baa4d508a0d60af1445c2c85e62a00a40eb7ca5ca,0x591690bd38e8e13478a8147c46b82e1543c7807b,Allocate,0.000327628,42161,42161,26,0x88fab47A53Be5a0e00Cd67Ec8d1146185B325B60,327627597621426.0,0xeeeeeeeeeeeeeeeeeeeeeeeeeeeeeeeeeeeeeeee,0x591690bd38e8e13478a8147c46b82e1543c7807b,0x591690bd38e8e13478a8147c46b82e1543c7807b
0xd946671a7ad1d2495f44844daa2594809cfe9d030f7c7fff6a0ef77d9596a8a0,0x591690bd38e8e13478a8147c46b82e1543c7807b,Allocate,0.000327627,42161,42161,25,0xcB1e7848B62fA024ae72bC853039433203318CbF,327627433541667.0,0xeeeeeeeeeeeeeeeeeeeeeeeeeeeeeeeeeeeeeeee,0x591690bd38e8e13478a8147c46b82e1543c7807b,0x591690bd38e8e13478a8147c46b82e1543c7807b
0xbd552dcd45b04a4d873df1fd5dc1865fd4f897c86db3818b0b012b6213147c7f,0x591690bd38e8e13478a8147c46b82e1543c7807b,Allocate,0.000327627,42161,42161,26,0xE264C2D15229340dd781052FC271A597E4a5fE00,327627433541667.0,0xeeeeeeeeeeeeeeeeeeeeeeeeeeeeeeeeeeeeeeee,0x591690bd38e8e13478a8147c46b82e1543c7807b,0x591690bd38e8e13478a8147c46b82e1543c7807b
0x4c35699483644eeb8681d35dedfae5a0f8caeddff00f3d6fe35e8fab48e4f51a,0x591690bd38e8e13478a8147c46b82e1543c7807b,Allocate,0.000327598,42161,42161,25,0x5A00128F4E63308FF0C3a644B15eE38309805edD,327597602906691.0,0xeeeeeeeeeeeeeeeeeeeeeeeeeeeeeeeeeeeeeeee,0x591690bd38e8e13478a8147c46b82e1543c7807b,0x591690bd38e8e13478a8147c46b82e1543c7807b
0xedc4c91924342a9f0044f350320ecd18f8df500cb4545fa7de9e5c6c8335b1f5,0x591690bd38e8e13478a8147c46b82e1543c7807b,Allocate,0.000327598,42161,42161,25,0xfb354294C904142368293Ba987751C956453F44C,327597602906691.0,0xeeeeeeeeeeeeeeeeeeeeeeeeeeeeeeeeeeeeeeee,0x591690bd38e8e13478a8147c46b82e1543c7807b,0x591690bd38e8e13478a8147c46b82e1543c7807b
0x62d9e86679228444468d59ccba63d4606ca2d7cc97c696de331b7400a09294b1,0x591690bd38e8e13478a8147c46b82e1543c7807b,Allocate,0.000327628,42161,42161,27,0x203d6896485ACeEFF579c8d6192646b8FE16363c,327628212677732.0,0xeeeeeeeeeeeeeeeeeeeeeeeeeeeeeeeeeeeeeeee,0x591690bd38e8e13478a8147c46b82e1543c7807b,0x591690bd38e8e13478a8147c46b82e1543c7807b
0x005601af5aa8625298e2e88616c24dbe644d97828f212ab8ac5412dd39cc6d40,0x591690bd38e8e13478a8147c46b82e1543c7807b,Allocate,0.000327628,42161,42161,27,0x1678f8AEe350FE5Bef26867768002B69677306bD,327628212677732.0,0xeeeeeeeeeeeeeeeeeeeeeeeeeeeeeeeeeeeeeeee,0x591690bd38e8e13478a8147c46b82e1543c7807b,0x591690bd38e8e13478a8147c46b82e1543c7807b
0x012ea3ca08cc797530b170851d7836988b12a52722b308fc39c8bbd5cb9e8eae,0x4a3755eb99ae8b22aafb8f16f0c51cf68eb60b85,Allocate,0.000327531,42161,42161,28,0xB1e41D248ac1ed86B8D1c1b179cE6c3310954148,327531104676547.0,0xeeeeeeeeeeeeeeeeeeeeeeeeeeeeeeeeeeeeeeee,0x4a3755eb99ae8b22aafb8f16f0c51cf68eb60b85,0x4a3755eb99ae8b22aafb8f16f0c51cf68eb60b85
0x2a7a15dd3c66fe23d974ff3765f120e91f0e1b71b410221bad70d6dda11e1c58,0x6959ac48e8df18bd6226ef97d11696e3a41a9496,Allocate,0.000327548,42161,42161,26,0xE5A0708528Ef073c742e5ead167e0aE004Fcc2CA,327547672181993.0,0xeeeeeeeeeeeeeeeeeeeeeeeeeeeeeeeeeeeeeeee,0x6959ac48e8df18bd6226ef97d11696e3a41a9496,0x6959ac48e8df18bd6226ef97d11696e3a41a9496
0x351b2208dd1fdb31eb264be2a603af8d0a1bc64543fb6d907d8c0891eda6ae56,0x6959ac48e8df18bd6226ef97d11696e3a41a9496,Allocate,0.000327548,42161,42161,25,0x0b86F8a20c2b3Fed2e39B227A62c63Ea2aB1ab25,327547672181993.0,0xeeeeeeeeeeeeeeeeeeeeeeeeeeeeeeeeeeeeeeee,0x6959ac48e8df18bd6226ef97d11696e3a41a9496,0x6959ac48e8df18bd6226ef97d11696e3a41a9496
0x8c89722ab748897cf8604bac5978662fb48f6cdf1f8682e29b01d1319da53ef3,0x6959ac48e8df18bd6226ef97d11696e3a41a9496,Allocate,0.000327539,42161,42161,25,0x8c8c259579e596b7BdB2BbC3E17D1b8d71E7a56d,327538725836326.0,0xeeeeeeeeeeeeeeeeeeeeeeeeeeeeeeeeeeeeeeee,0x6959ac48e8df18bd6226ef97d11696e3a41a9496,0x6959ac48e8df18bd6226ef97d11696e3a41a9496
0xee9bde0db11b4024ea31c00dc364da6022785452c5625ac6443d1cca4a27c829,0x6959ac48e8df18bd6226ef97d11696e3a41a9496,Allocate,0.000327539,42161,42161,25,0x3F3986cb53B1c0058e7f4f39D34E42106E587095,327538725836326.0,0xeeeeeeeeeeeeeeeeeeeeeeeeeeeeeeeeeeeeeeee,0x6959ac48e8df18bd6226ef97d11696e3a41a9496,0x6959ac48e8df18bd6226ef97d11696e3a41a9496
0x945480fe4de1f5fef8889cdb7ca792bfb64a9479b69c921adf7c243d974ebbe4,0x6959ac48e8df18bd6226ef97d11696e3a41a9496,Allocate,0.000327539,42161,42161,26,0xB45c368c6e34Ae462cfC09Be2Ff3c9CfbEA68E76,327538725836326.0,0xeeeeeeeeeeeeeeeeeeeeeeeeeeeeeeeeeeeeeeee,0x6959ac48e8df18bd6226ef97d11696e3a41a9496,0x6959ac48e8df18bd6226ef97d11696e3a41a9496
0x2cf164d5a6bd127235a729173c0d7fa68a2f5eaa5b91cd5af36d28f1cfada990,0x6959ac48e8df18bd6226ef97d11696e3a41a9496,Allocate,0.000327535,42161,42161,26,0x88fab47A53Be5a0e00Cd67Ec8d1146185B325B60,327535113904180.0,0xeeeeeeeeeeeeeeeeeeeeeeeeeeeeeeeeeeeeeeee,0x6959ac48e8df18bd6226ef97d11696e3a41a9496,0x6959ac48e8df18bd6226ef97d11696e3a41a9496
0x26158fd1ee6eb31356fa6801eb15139795a87f56d95d21b01d8b901b669b9cbc,0x6959ac48e8df18bd6226ef97d11696e3a41a9496,Allocate,0.000327535,42161,42161,25,0xcB1e7848B62fA024ae72bC853039433203318CbF,327535113904180.0,0xeeeeeeeeeeeeeeeeeeeeeeeeeeeeeeeeeeeeeeee,0x6959ac48e8df18bd6226ef97d11696e3a41a9496,0x6959ac48e8df18bd6226ef97d11696e3a41a9496
0xeaa0758b173981899395079ac7fc40e847f7fb0d66aa29ba1720480d6e31fa2e,0x6959ac48e8df18bd6226ef97d11696e3a41a9496,Allocate,0.00032741,42161,42161,26,0xE264C2D15229340dd781052FC271A597E4a5fE00,327409877166914.0,0xeeeeeeeeeeeeeeeeeeeeeeeeeeeeeeeeeeeeeeee,0x6959ac48e8df18bd6226ef97d11696e3a41a9496,0x6959ac48e8df18bd6226ef97d11696e3a41a9496
0x2149c5b30c63c9ebf26e9c8d08cc7c0f6f447075c54fbac950ea22af53c82785,0x6959ac48e8df18bd6226ef97d11696e3a41a9496,Allocate,0.00032741,42161,42161,25,0x5A00128F4E63308FF0C3a644B15eE38309805edD,327409877166914.0,0xeeeeeeeeeeeeeeeeeeeeeeeeeeeeeeeeeeeeeeee,0x6959ac48e8df18bd6226ef97d11696e3a41a9496,0x6959ac48e8df18bd6226ef97d11696e3a41a9496
0xd1eb309e905c16c0ba95d2bb593183582baef93d373a73a0cdf2669da3f4e987,0x6959ac48e8df18bd6226ef97d11696e3a41a9496,Allocate,0.000327398,42161,42161,25,0xfb354294C904142368293Ba987751C956453F44C,327397891894397.0,0xeeeeeeeeeeeeeeeeeeeeeeeeeeeeeeeeeeeeeeee,0x6959ac48e8df18bd6226ef97d11696e3a41a9496,0x6959ac48e8df18bd6226ef97d11696e3a41a9496
0x6fa672ce8a56ebb7e4ff6d40ede5cda7477cc840fc5cb1b605dd126141f3ba9b,0x6959ac48e8df18bd6226ef97d11696e3a41a9496,Allocate,0.000327398,42161,42161,27,0x203d6896485ACeEFF579c8d6192646b8FE16363c,327397891894397.0,0xeeeeeeeeeeeeeeeeeeeeeeeeeeeeeeeeeeeeeeee,0x6959ac48e8df18bd6226ef97d11696e3a41a9496,0x6959ac48e8df18bd6226ef97d11696e3a41a9496
0xb07c3e4d2827e07056d25f752abc5761cb25f5fcb80ac3ee3ebccdbf7b4f4951,0x6959ac48e8df18bd6226ef97d11696e3a41a9496,Allocate,0.000327398,42161,42161,27,0x1678f8AEe350FE5Bef26867768002B69677306bD,327397891894397.0,0xeeeeeeeeeeeeeeeeeeeeeeeeeeeeeeeeeeeeeeee,0x6959ac48e8df18bd6226ef97d11696e3a41a9496,0x6959ac48e8df18bd6226ef97d11696e3a41a9496
0x65e85bcdc1bd9a10cb592d9b832032a1afc3d079f28c6eea8b149574b162bc08,0x70344423109241b93c1bb9db536dfe32187862cd,Allocate,0.00032720599999999997,42161,42161,26,0xE5A0708528Ef073c742e5ead167e0aE004Fcc2CA,327205973704744.0,0xeeeeeeeeeeeeeeeeeeeeeeeeeeeeeeeeeeeeeeee,0x70344423109241b93c1bb9db536dfe32187862cd,0x70344423109241b93c1bb9db536dfe32187862cd
0x745071eede9d3989a986608f9a1efdeb683dc9ecc91466ac5d4b1370b6d810ba,0x70344423109241b93c1bb9db536dfe32187862cd,Allocate,0.00032720599999999997,42161,42161,25,0x0b86F8a20c2b3Fed2e39B227A62c63Ea2aB1ab25,327205973704744.0,0xeeeeeeeeeeeeeeeeeeeeeeeeeeeeeeeeeeeeeeee,0x70344423109241b93c1bb9db536dfe32187862cd,0x70344423109241b93c1bb9db536dfe32187862cd
0xd1b466bf7154546ab1f75ba033ec2fb59ba6464f42d2ab066fe5ceda818f5d7d,0x70344423109241b93c1bb9db536dfe32187862cd,Allocate,0.00032720599999999997,42161,42161,25,0x8c8c259579e596b7BdB2BbC3E17D1b8d71E7a56d,327205973704744.0,0xeeeeeeeeeeeeeeeeeeeeeeeeeeeeeeeeeeeeeeee,0x70344423109241b93c1bb9db536dfe32187862cd,0x70344423109241b93c1bb9db536dfe32187862cd
0xcceb487e5b08139a5d5fef812bdde46e60f5ffb987256551ec12cbbc70d70d6f,0x70344423109241b93c1bb9db536dfe32187862cd,Allocate,0.00032720599999999997,42161,42161,25,0x3F3986cb53B1c0058e7f4f39D34E42106E587095,327205973704744.0,0xeeeeeeeeeeeeeeeeeeeeeeeeeeeeeeeeeeeeeeee,0x70344423109241b93c1bb9db536dfe32187862cd,0x70344423109241b93c1bb9db536dfe32187862cd
0x146307d120da7e67976d83d6f4356b13e667cfc903d6ffea39f97669216d1f38,0x70344423109241b93c1bb9db536dfe32187862cd,Allocate,0.00032720599999999997,42161,42161,26,0xB45c368c6e34Ae462cfC09Be2Ff3c9CfbEA68E76,327205973704744.0,0xeeeeeeeeeeeeeeeeeeeeeeeeeeeeeeeeeeeeeeee,0x70344423109241b93c1bb9db536dfe32187862cd,0x70344423109241b93c1bb9db536dfe32187862cd
0x95c48f7ac52ab4cac413ac04664fe431976bd08d909f35f6f1f375393d14c908,0x70344423109241b93c1bb9db536dfe32187862cd,Allocate,0.00032720599999999997,42161,42161,26,0x88fab47A53Be5a0e00Cd67Ec8d1146185B325B60,327205973704744.0,0xeeeeeeeeeeeeeeeeeeeeeeeeeeeeeeeeeeeeeeee,0x70344423109241b93c1bb9db536dfe32187862cd,0x70344423109241b93c1bb9db536dfe32187862cd
0x6b55dc7d7c523e0f196f945f349e494adfc8fcb0a92c5f7547986b73d5260520,0x70344423109241b93c1bb9db536dfe32187862cd,Allocate,0.00032720599999999997,42161,42161,25,0xcB1e7848B62fA024ae72bC853039433203318CbF,327205973704744.0,0xeeeeeeeeeeeeeeeeeeeeeeeeeeeeeeeeeeeeeeee,0x70344423109241b93c1bb9db536dfe32187862cd,0x70344423109241b93c1bb9db536dfe32187862cd
0x5072fb312d40da322fe78349999d73609110c86997fd619c465bc815f76af640,0x70344423109241b93c1bb9db536dfe32187862cd,Allocate,0.0003272,42161,42161,26,0xE264C2D15229340dd781052FC271A597E4a5fE00,327199900353279.0,0xeeeeeeeeeeeeeeeeeeeeeeeeeeeeeeeeeeeeeeee,0x70344423109241b93c1bb9db536dfe32187862cd,0x70344423109241b93c1bb9db536dfe32187862cd
0x7d9bf3c83873d712f68e90da93f3891fd8e728acbdd3d73dc69a1175129ab0b6,0x70344423109241b93c1bb9db536dfe32187862cd,Allocate,0.0003272,42161,42161,25,0x5A00128F4E63308FF0C3a644B15eE38309805edD,327199900353279.0,0xeeeeeeeeeeeeeeeeeeeeeeeeeeeeeeeeeeeeeeee,0x70344423109241b93c1bb9db536dfe32187862cd,0x70344423109241b93c1bb9db536dfe32187862cd
0x933f1b20bd42529b714fb2a59fafda2223d5f14b5e627e96d754c10d6a95fbed,0x70344423109241b93c1bb9db536dfe32187862cd,Allocate,0.0003272,42161,42161,25,0xfb354294C904142368293Ba987751C956453F44C,327199900353279.0,0xeeeeeeeeeeeeeeeeeeeeeeeeeeeeeeeeeeeeeeee,0x70344423109241b93c1bb9db536dfe32187862cd,0x70344423109241b93c1bb9db536dfe32187862cd
0x86b941b22da8e065cbc007167a3f199b2e99179828a99bf65f07a087641d250c,0x70344423109241b93c1bb9db536dfe32187862cd,Allocate,0.0003272,42161,42161,27,0x203d6896485ACeEFF579c8d6192646b8FE16363c,327199900353279.0,0xeeeeeeeeeeeeeeeeeeeeeeeeeeeeeeeeeeeeeeee,0x70344423109241b93c1bb9db536dfe32187862cd,0x70344423109241b93c1bb9db536dfe32187862cd
0x255532cb2bff7b5c1e7bf9acb2aaf99274ca1aaecd8102c6c2741cc345c2f2af,0x4a3755eb99ae8b22aafb8f16f0c51cf68eb60b85,Allocate,0.0003272,42161,42161,26,0x03e4161036B6AD3Fd0350A4E026D6CF1b1879925,327199900353279.0,0xeeeeeeeeeeeeeeeeeeeeeeeeeeeeeeeeeeeeeeee,0x4a3755eb99ae8b22aafb8f16f0c51cf68eb60b85,0x4a3755eb99ae8b22aafb8f16f0c51cf68eb60b85
0x99fed178f0f82c249f152fc28cedd3e266a29763b1fe6db709ea130333669fde,0x70344423109241b93c1bb9db536dfe32187862cd,Allocate,0.000327178,42161,42161,27,0x1678f8AEe350FE5Bef26867768002B69677306bD,327177823381242.0,0xeeeeeeeeeeeeeeeeeeeeeeeeeeeeeeeeeeeeeeee,0x70344423109241b93c1bb9db536dfe32187862cd,0x70344423109241b93c1bb9db536dfe32187862cd
0x88a4c52646b6fb9f1a8dd49dbe9f51b93b1c66dafaa87e67499d01e367bd9a2d,0xcce9a28b570946123f392cf1dbfa6d2d5e636a1f,Allocate,0.000329906,42161,42161,25,0x8c8c259579e596b7BdB2BbC3E17D1b8d71E7a56d,329905633655407.0,0xeeeeeeeeeeeeeeeeeeeeeeeeeeeeeeeeeeeeeeee,0xcce9a28b570946123f392cf1dbfa6d2d5e636a1f,0xcce9a28b570946123f392cf1dbfa6d2d5e636a1f
0x64cd0b21f80f4ee5c48d1acc2c4446a6dfe2f3096bd210d7bad9b06948bde126,0xcce9a28b570946123f392cf1dbfa6d2d5e636a1f,Allocate,0.000329905,42161,42161,25,0x73B00B94762f800A244B6a84617Adbf07b9520a8,329905243277631.0,0xeeeeeeeeeeeeeeeeeeeeeeeeeeeeeeeeeeeeeeee,0xcce9a28b570946123f392cf1dbfa6d2d5e636a1f,0xcce9a28b570946123f392cf1dbfa6d2d5e636a1f
0x026a0d271e74b98b8a964d4cf9f2e3807191033e3de838e30cc1ba468c07d352,0xcce9a28b570946123f392cf1dbfa6d2d5e636a1f,Allocate,0.000329929,42161,42161,25,0xa929D1c96e66C7FfC0Db28Cc7d1B8aad9B29003C,329928859507118.0,0xeeeeeeeeeeeeeeeeeeeeeeeeeeeeeeeeeeeeeeee,0xcce9a28b570946123f392cf1dbfa6d2d5e636a1f,0xcce9a28b570946123f392cf1dbfa6d2d5e636a1f
0xfba90ed7f20d6623e1c9392ece4f80695a7c15f2beb29c94d91a6023469ba08b,0xcce9a28b570946123f392cf1dbfa6d2d5e636a1f,Allocate,0.000329929,42161,42161,25,0xec466a03f5FBF841Bb13Ec30b6f61a31789d0B3D,329928859507118.0,0xeeeeeeeeeeeeeeeeeeeeeeeeeeeeeeeeeeeeeeee,0xcce9a28b570946123f392cf1dbfa6d2d5e636a1f,0xcce9a28b570946123f392cf1dbfa6d2d5e636a1f
0xfbdd04530723856cc7fd2cfdddd2ea1fddf9c20f857540592fc9818810980d25,0xcce9a28b570946123f392cf1dbfa6d2d5e636a1f,Allocate,0.000659858,42161,42161,27,0x1678f8AEe350FE5Bef26867768002B69677306bD,659857719014236.0,0xeeeeeeeeeeeeeeeeeeeeeeeeeeeeeeeeeeeeeeee,0xcce9a28b570946123f392cf1dbfa6d2d5e636a1f,0xcce9a28b570946123f392cf1dbfa6d2d5e636a1f
0xce388c69fda866d69da3cd17c1ebc4298b53c723c735f49a283d1ac2b619ccc7,0xcce9a28b570946123f392cf1dbfa6d2d5e636a1f,Allocate,0.00032984,42161,42161,25,0x10BdF9523a90823050F65B77e0a45E4b06472C38,329840410247156.0,0xeeeeeeeeeeeeeeeeeeeeeeeeeeeeeeeeeeeeeeee,0xcce9a28b570946123f392cf1dbfa6d2d5e636a1f,0xcce9a28b570946123f392cf1dbfa6d2d5e636a1f
0xf91d682ad40174c30e53615e8a627597b2292ccf8883f8123ca5b6a9cba94511,0xcce9a28b570946123f392cf1dbfa6d2d5e636a1f,Allocate,0.00032984,42161,42161,25,0x89cDc7A9834996349110D1DE5208A525723D8a27,329840410247156.0,0xeeeeeeeeeeeeeeeeeeeeeeeeeeeeeeeeeeeeeeee,0xcce9a28b570946123f392cf1dbfa6d2d5e636a1f,0xcce9a28b570946123f392cf1dbfa6d2d5e636a1f
0xc8eaf76b4bd27f0aebd7ceea5cee7c52c62cb8e8284017cc1095a9acd9649a12,0xcce9a28b570946123f392cf1dbfa6d2d5e636a1f,Allocate,0.00032984,42161,42161,25,0xFEED71D3b495152808BC05E65F113b67Af3bB2c5,329840410247156.0,0xeeeeeeeeeeeeeeeeeeeeeeeeeeeeeeeeeeeeeeee,0xcce9a28b570946123f392cf1dbfa6d2d5e636a1f,0xcce9a28b570946123f392cf1dbfa6d2d5e636a1f
0x81f4e1a23a9b5faa1fc75a5c90781247c5ce739ec4c54bc67eabcb6caa1bda4b,0xcce9a28b570946123f392cf1dbfa6d2d5e636a1f,Allocate,0.00032984,42161,42161,25,0xfb354294C904142368293Ba987751C956453F44C,329840410247156.0,0xeeeeeeeeeeeeeeeeeeeeeeeeeeeeeeeeeeeeeeee,0xcce9a28b570946123f392cf1dbfa6d2d5e636a1f,0xcce9a28b570946123f392cf1dbfa6d2d5e636a1f
0x274011cceaea339c36f4af05b15aeb41d20aa3914e52abfa741310c59fe20575,0xcce9a28b570946123f392cf1dbfa6d2d5e636a1f,Allocate,0.000329898,42161,42161,26,0xE898aF561ee0011053dDc2B8C22A8a2C904D5211,329897973232282.0,0xeeeeeeeeeeeeeeeeeeeeeeeeeeeeeeeeeeeeeeee,0xcce9a28b570946123f392cf1dbfa6d2d5e636a1f,0xcce9a28b570946123f392cf1dbfa6d2d5e636a1f
0x8e147b4cb51e947e8407b8800b7f27905f3dc608e2d8dfd2f77306d805ef267c,0xcce9a28b570946123f392cf1dbfa6d2d5e636a1f,Allocate,0.000329898,42161,42161,27,0x71A696b5028e92c3BAC353535A9a4c7291dAC262,329897973232282.0,0xeeeeeeeeeeeeeeeeeeeeeeeeeeeeeeeeeeeeeeee,0xcce9a28b570946123f392cf1dbfa6d2d5e636a1f,0xcce9a28b570946123f392cf1dbfa6d2d5e636a1f
0xb7d745eb698a3a2386c9eebc9c516eda9b7b04d7a5e808a3d70b420dc6b4c1a7,0xcce9a28b570946123f392cf1dbfa6d2d5e636a1f,Allocate,0.000329884,42161,42161,25,0x2d8C2C3F40088Ed4b22968bE25926E0fb79E91A0,329884335793527.0,0xeeeeeeeeeeeeeeeeeeeeeeeeeeeeeeeeeeeeeeee,0xcce9a28b570946123f392cf1dbfa6d2d5e636a1f,0xcce9a28b570946123f392cf1dbfa6d2d5e636a1f
0xfb18a8af102a9eac7b4e35eae27bcbcc1cb6568178c22e68a47650a8a18ea6c9,0xcce9a28b570946123f392cf1dbfa6d2d5e636a1f,Allocate,0.000330308,42161,42161,29,0x24F27061aE7f994e0306f8172D20965a8d44Fc0f,330307953407185.0,0xeeeeeeeeeeeeeeeeeeeeeeeeeeeeeeeeeeeeeeee,0xcce9a28b570946123f392cf1dbfa6d2d5e636a1f,0xcce9a28b570946123f392cf1dbfa6d2d5e636a1f
0x13978dafc361562fd1fefe7b8a55a33502b7113d06dd004fde9942e11fcbbd22,0xcce9a28b570946123f392cf1dbfa6d2d5e636a1f,Allocate,0.000330308,42161,42161,28,0x6CDd22722AF4f726a613c75bAdec280C78623660,330307803921368.0,0xeeeeeeeeeeeeeeeeeeeeeeeeeeeeeeeeeeeeeeee,0xcce9a28b570946123f392cf1dbfa6d2d5e636a1f,0xcce9a28b570946123f392cf1dbfa6d2d5e636a1f
0xbcfa8bcb94a87f403a7c8266f8954880519bc42f234174b8dd8d12e757420d19,0xcce9a28b570946123f392cf1dbfa6d2d5e636a1f,Allocate,0.000330363,42161,42161,25,0xa8edC808571C5551b6270A10C7B23F6d7b359Aa2,330362680570891.0,0xeeeeeeeeeeeeeeeeeeeeeeeeeeeeeeeeeeeeeeee,0xcce9a28b570946123f392cf1dbfa6d2d5e636a1f,0xcce9a28b570946123f392cf1dbfa6d2d5e636a1f
0x2d02ebbb70123a57f86fdab84695221d41a1094fa6febb82bcc13b1124686772,0x4a3755eb99ae8b22aafb8f16f0c51cf68eb60b85,Allocate,0.000330385,42161,42161,25,0xa929D1c96e66C7FfC0Db28Cc7d1B8aad9B29003C,330384766795363.0,0xeeeeeeeeeeeeeeeeeeeeeeeeeeeeeeeeeeeeeeee,0x4a3755eb99ae8b22aafb8f16f0c51cf68eb60b85,0x4a3755eb99ae8b22aafb8f16f0c51cf68eb60b85
0x42fc45a2b4f7490c79aae7ea5d9cd9022369bc54c6878407d90d23478b765a7f,0xcce9a28b570946123f392cf1dbfa6d2d5e636a1f,Allocate,0.00033026400000000003,42161,42161,28,0xB1e41D248ac1ed86B8D1c1b179cE6c3310954148,330264347445646.0,0xeeeeeeeeeeeeeeeeeeeeeeeeeeeeeeeeeeeeeeee,0xcce9a28b570946123f392cf1dbfa6d2d5e636a1f,0xcce9a28b570946123f392cf1dbfa6d2d5e636a1f
0x45716fadde73b414384cce30b91131fbe773a7c5cfe2c6ad936893a9eaf7ef4d,0xcce9a28b570946123f392cf1dbfa6d2d5e636a1f,Allocate,0.00033024300000000003,42161,42161,25,0xb80d4194DDB8fa0BEAd908a53738E64B14a7f6b4,330242858760324.0,0xeeeeeeeeeeeeeeeeeeeeeeeeeeeeeeeeeeeeeeee,0xcce9a28b570946123f392cf1dbfa6d2d5e636a1f,0xcce9a28b570946123f392cf1dbfa6d2d5e636a1f
0xda5f1a32cf7e51e8a3b4cd14173b0b2dad09f6022eef5915a13ccabac5e5f14e,0xcce9a28b570946123f392cf1dbfa6d2d5e636a1f,Allocate,0.000330229,42161,42161,24,0x7e9d94Fcaf5a9231Bfa13E2eCA08F58370d4F4C1,330229232543759.0,0xeeeeeeeeeeeeeeeeeeeeeeeeeeeeeeeeeeeeeeee,0xcce9a28b570946123f392cf1dbfa6d2d5e636a1f,0xcce9a28b570946123f392cf1dbfa6d2d5e636a1f
0x54c6adf27c1ecc4ce3b10960d8196bb5897517f7a75982912c5223519e6e0659,0xcce9a28b570946123f392cf1dbfa6d2d5e636a1f,Allocate,0.000330194,42161,42161,29,0x2F230481b66d376E6EBf445ecDC888B382DE9A99,330193593148984.0,0xeeeeeeeeeeeeeeeeeeeeeeeeeeeeeeeeeeeeeeee,0xcce9a28b570946123f392cf1dbfa6d2d5e636a1f,0xcce9a28b570946123f392cf1dbfa6d2d5e636a1f
0x048175e210f7ec819ff7f6ea6655b1aa7f7014d4b8ccd7f4bd64d05f9eeeeade,0x4a3755eb99ae8b22aafb8f16f0c51cf68eb60b85,Allocate,0.000314736,10,10,9,0x69185e32805A43b02995A71b171fD778D8C37Ad4,314736290197426.0,0xeeeeeeeeeeeeeeeeeeeeeeeeeeeeeeeeeeeeeeee,0x4a3755eb99ae8b22aafb8f16f0c51cf68eb60b85,0x4a3755eb99ae8b22aafb8f16f0c51cf68eb60b85
0x625fe937b7b85c1ed198718dabca0ee129ec7bd2a19eaee906da09856b243131,0x4f8c531df3d97c6cd437ac8dfe756975445d1161,Allocate,0.0016255710000000001,10,10,9,0x625EE1407A606f44Af3716733e082769A4d0BDa0,1625571045322235.0,0xeeeeeeeeeeeeeeeeeeeeeeeeeeeeeeeeeeeeeeee,0x4f8c531df3d97c6cd437ac8dfe756975445d1161,0x4f8c531df3d97c6cd437ac8dfe756975445d1161
0xf740ddc43b714edda04be1fa61f8d6bab8576c7c964e1ed497cecadc07cbe445,0xcce9a28b570946123f392cf1dbfa6d2d5e636a1f,Allocate,0.00033039,10,10,9,0x625EE1407A606f44Af3716733e082769A4d0BDa0,330390128421803.0,0xeeeeeeeeeeeeeeeeeeeeeeeeeeeeeeeeeeeeeeee,0xcce9a28b570946123f392cf1dbfa6d2d5e636a1f,0xcce9a28b570946123f392cf1dbfa6d2d5e636a1f
