"Txhash","Blockno","UnixTimestamp","DateTime (UTC)","From","To","ContractAddress","Value_IN(ETH)","Value_OUT(ETH)","CurrentValue @ $2968.64634140953/ETH","TxnFee(ETH)","TxnFee(USD)","Historical $Price/ETH","Status","ErrCode","Method"
"0xf5b38c99ab55349a90b33dc1a56cb64f8e7e0414b27abec282737cabb873b66f","3779134","1713380778","2024-04-17 19:06:18","0x974fdbc4ff3ae73ceeba5b4c85521f2638ee54e5","","0xcbf32f0a9bf93256bad8cd31cf37a3e914245908","0","0","0","0.000162034075214088","0.481021864567979","2985.12","","","0x60806040"
"0x3b14c6478e536f8a8efb7688905b41becc57b9ac45e8dcdaa127dca60a48fa58","3804924","1713458149","2024-04-18 16:35:49","0x96babe8595ed944b01499200b7cfd230f8db3558","0xcbf32f0a9bf93256bad8cd31cf37a3e914245908","","0.000395452075554128","0","1.17395735729657","0.000008778300968241","0.0260596710531604","3065.69","","","Call Deposit V3"
"0x7217565c520d37bde8cd953804c4faeebae383bc7edae93136ec6ec8d826235a","3829366","1713531478","2024-04-19 12:57:58","0x974fdbc4ff3ae73ceeba5b4c85521f2638ee54e5","0xcbf32f0a9bf93256bad8cd31cf37a3e914245908","","0.000716409080937858","0","2.12676519707874","0.00000639980707275","0.0189987638522461","3057.95","","","Call Deposit V3"
"0xab789a8633b2c337c5464afaaba506154b1c6ba24a9f90755b0c0780c6d02558","3835974","1713551302","2024-04-19 18:28:22","0x426006904582f279e6214eef67ff10f6f1bf634f","0xcbf32f0a9bf93256bad8cd31cf37a3e914245908","","0.000394337719991434","0","1.17064922973235","0.00000730756551915","0.0216935776430351","3057.95","","","Call Deposit V3"
"0xd7dcd34d209950f60f295a4ef422a31b5beb8c3aebe1a90c341f34fb613d94c1","3836038","1713551494","2024-04-19 18:31:34","0x426006904582f279e6214eef67ff10f6f1bf634f","0xcbf32f0a9bf93256bad8cd31cf37a3e914245908","","0.000387567722558415","0","1.15055150162146","0.00000728173661085","0.0216169007489077","3057.95","","","Call Deposit V3"
"0x1ee77e2192050c7b3db1590b872d6f5791ec2c9b562cef5c4e4eaed4cb9ee1af","3951339","1713897416","2024-04-23 18:36:56","0x5abca791c22e7f99237fcc04639e094ffa0ccce9","0xcbf32f0a9bf93256bad8cd31cf37a3e914245908","","0.000323156400798052","0","0.959337066932209","0.000008753296573125","0.0259854418470801","3219.78","","","Call Deposit V3"
"0x18e0e22dff4cefafe3401a5760383c94fb66f2df687dff229db79b9ce6703473","3952912","1713902135","2024-04-23 19:55:35","0xb04e6891e584f2884ad2ee90b6545ba44f843c4a","0xcbf32f0a9bf93256bad8cd31cf37a3e914245908","","0.000325167991610393","0","0.965308768637678","0.000008079894111582","0.0239863480933243","3219.78","","","Call Deposit V3"
"0xfc257c693fd94e055139802cf95be10674d00a81db15651461e341dfcc5110d6","3978767","1713979762","2024-04-24 17:29:22","0xb04e6891e584f2884ad2ee90b6545ba44f843c4a","0xcbf32f0a9bf93256bad8cd31cf37a3e914245908","","0.000328807102863447","0","0.976112002945039","0.000009767830293975","0.0289972336657181","3139.10","","","Call Deposit V3"
"0x1704695e789a3a834151b10cbb08e486c9752cdc2484dc7375024bb3e6b8c954","4001232","1714047159","2024-04-25 12:12:39","0x738c5dbca9f2d022174c7abf99da5bec001fc54d","0xcbf32f0a9bf93256bad8cd31cf37a3e914245908","","0.000659963635583433","0","1.95919863223809","0.000006770957998749","0.0201005796908238","3155.47","","","Call Deposit V3"
"0xe72f887b0eecb6c162a3c31173f6fa2c92a5b32bb9fcfd057da8dbecb7b69ee9","4013782","1714084809","2024-04-25 22:40:09","0x5abca791c22e7f99237fcc04639e094ffa0ccce9","0xcbf32f0a9bf93256bad8cd31cf37a3e914245908","","0.000327472584253163","0","0.972150289155076","0.000005924131129863","0.0175866502046981","3155.47","","","Call Deposit V3"
"0x24b05449649d71714bb6b19ad8d084479bb2d0948cc9075086f904bd20b3c925","4036286","1714152321","2024-04-26 17:25:21","0xf8b82919e8ec939c59223ec7b505ea37bbcea8f7","0xcbf32f0a9bf93256bad8cd31cf37a3e914245908","","0.00033242804297724","0","0.986861293566314","0.000006324144791355","0.0187741492974002","3130.07","","","Call Deposit V3"
"0xf102bad1f0b1ef38e9384c78c1659b6d73cf7894373145b401db80e7dcad13ee","4036780","1714153803","2024-04-26 17:50:03","0xf8b82919e8ec939c59223ec7b505ea37bbcea8f7","0xcbf32f0a9bf93256bad8cd31cf37a3e914245908","","0.000330979304722813","0","0.982560502047649","0.000006093583630875","0.0180896947518701","3130.07","","","Call Deposit V3"
"0xe54cf0d6b14ad28f0940da7cb63baba6efa89487931169e4ca30044bad570b4a","4036828","1714153947","2024-04-26 17:52:27","0xf8b82919e8ec939c59223ec7b505ea37bbcea8f7","0xcbf32f0a9bf93256bad8cd31cf37a3e914245908","","0.000330938480667783","0","0.982439309866043","0.00000607558054155","0.0180362499466113","3130.07","","","Call Deposit V3"
"0xce56206342ee25a1c6bb9ab83c87011949c56fda043915d3f12a4831bba2d217","4036861","1714154046","2024-04-26 17:54:06","0xf8b82919e8ec939c59223ec7b505ea37bbcea8f7","0xcbf32f0a9bf93256bad8cd31cf37a3e914245908","","0.000330856965415106","0","0.982197319909414","0.00000606311779905","0.0179992524716848","3130.07","","","Call Deposit V3"
"0xa40b630150af427c229c224746192a0e2df95f470356237ffeeaf683b1522c76","4063395","1714233652","2024-04-27 16:00:52","0x5abca791c22e7f99237fcc04639e094ffa0ccce9","0xcbf32f0a9bf93256bad8cd31cf37a3e914245908","","0.000331478448689184","0","0.984042283957253","0.000005844735702975","0.0173509532611424","3253.23","","","Call Deposit V3"
"0xf3e144a8808fa991c97c830ea7cfcc68af5b005e932e7f0a255ee8e435236dfe","4122467","1714410884","2024-04-29 17:14:44","0xb04e6891e584f2884ad2ee90b6545ba44f843c4a","0xcbf32f0a9bf93256bad8cd31cf37a3e914245908","","0.000329556732625792","0","0.978337388596436","0.000007230992969934","0.0214662608249526","3215.73","","","Call Deposit V3"
"0xfff9e7b5f3bae9bd5f39135429fd2fb1fb2e345543ce382d72a947277e9b86ce","4212273","1714680316","2024-05-02 20:05:16","0xb04e6891e584f2884ad2ee90b6545ba44f843c4a","0xcbf32f0a9bf93256bad8cd31cf37a3e914245908","","0.00334279118476082","0","9.92356482073624","0.00000622168566045","0.018469984373295","2986.41","","","Call Deposit V3"
"0x9d40873b538b37ce8656313887ed2ac3c3f603cd0d662116eae5e64e192f17d8","4242360","1714770597","2024-05-03 21:09:57","0x4e8eb23479bc2aaa4c331109164528df21f23c7d","0xcbf32f0a9bf93256bad8cd31cf37a3e914245908","","0.000333409887664963","0","0.989776043206355","0.000005844735702975","0.0173509532611424","3103.77","","","Call Deposit V3"
"0x2e00b20d0daebd89db6d264746cd0c8695e47a4fdc19b509fc2da642ceefc166","4248823","1714790003","2024-05-04 02:33:23","0x1013dfbc339eab92e33cc1e3dff818b3ec93975b","0xcbf32f0a9bf93256bad8cd31cf37a3e914245908","","0.000334282319998329","0","0.992365986260929","0.000005844735702975","0.0173509532611424","3117.52","","","Call Deposit V3"
"0x28ec824e78fdf89d2eeed7e79f6f1f50c98791830b7f6ddb97e462e068ac810c","4250017","1714793585","2024-05-04 03:33:05","0x7b6de544e3194f4656baa8ddb094f8d9d138d9e3","0xcbf32f0a9bf93256bad8cd31cf37a3e914245908","","0.000333579845933597","0","0.990280589198728","0.000013252932","0.0393432680947493","3117.52","","","Call Deposit V3"
"0x56c8f6afc21ab7e4a725ae1d245b34db6a0b69b85cb561baf43a8a5b5b3ce6b4","4324127","1715015935","2024-05-06 17:18:55","0xb04e6891e584f2884ad2ee90b6545ba44f843c4a","0xcbf32f0a9bf93256bad8cd31cf37a3e914245908","","0.000336689381442793","0","0.999511700411585","0.000006131521785675","0.0182023197163169","3063.19","","","Call Deposit V3"
"0x804be7bea7809bac67bdbfaa1bb4e41968adc8b521bdb8b0213aa1a07dcef8b5","4350142","1715093981","2024-05-07 14:59:41","0xc5f137faffdcbd8a8b866d04bde625c953193bee","0xcbf32f0a9bf93256bad8cd31cf37a3e914245908","","0.000663955809448135","0","1.97104998457581","0.000005844037302891","0.0173488799582882","3005.91","","","Call Deposit V3"
"0xab47454ab6bdb8dafdd99a5bbd73a421cad0030985b13f508473ee5c50d9ecae","4357899","1715117262","2024-05-07 21:27:42","0x1302a937bc0fe8a06f124e644236c876b639f54e","0xcbf32f0a9bf93256bad8cd31cf37a3e914245908","","0.000339219156747363","0","1.00702170861409","0.000005844735702975","0.0173509532611424","3005.91","","","Call Deposit V3"
"0x9d202b85b5eb42bbccd7d9ec91f94f35f2545dea711c1f97a4cd6a6b53751ed1","4358169","1715118072","2024-05-07 21:41:12","0xeebf48360c333407076f4a8191017bd30a88af56","0xcbf32f0a9bf93256bad8cd31cf37a3e914245908","","0.000339322697884421","0","1.0073290856318","0.000005844735702975","0.0173509532611424","3005.91","","","Call Deposit V3"
"0x2ae2172b0e68d9ae8d0487c86da497a14d171c71e9399ef256349a6a11132a3f","4358183","1715118114","2024-05-07 21:41:54","0xeebf48360c333407076f4a8191017bd30a88af56","0xcbf32f0a9bf93256bad8cd31cf37a3e914245908","","0.00033943011450848","0","1.00764796759982","0.000005844037302891","0.0173488799582882","3005.91","","","Call Deposit V3"
"0xacd2f6eb1675440723655da96c008212f36dca196013ad1bf50909683010ba14","4358776","1715119893","2024-05-07 22:11:33","0x46f3cc6a1c00a5cd8864d2b92f128196cae07d15","0xcbf32f0a9bf93256bad8cd31cf37a3e914245908","","0.00034009107209206","0","1.00961011691214","0.000005844037302891","0.0173488799582882","3005.91","","","Call Deposit V3"
