"Txhash","Blockno","UnixTimestamp","DateTime (UTC)","From","To","ContractAddress","Value_IN(ETH)","Value_OUT(ETH)","CurrentValue @ $2972.68391004514/ETH","TxnFee(ETH)","TxnFee(USD)","Historical $Price/ETH","Status","ErrCode","Method"
"0x269b41b40e21a3276bf132ad74ca80525c0d4627aa5c9849966d842fd7010588","118884133","1713367043","2024-04-17 15:17:23","0x974fdbc4ff3ae73ceeba5b4c85521f2638ee54e5","","0xd82bdb8391109f8bad393ff2cda9e7cd56f8239c","0","0","0","0.00009488753367298","0.282070644613534","2985.12","","","0x60806040"
"0xb2dfee6dec15b9a3e4a947b08d40acdcad0162f1dc75e5b9d8ea2f3905f10c78","119138384","1713875545","2024-04-23 12:32:25","0x96babe8595ed944b01499200b7cfd230f8db3558","0xd82bdb8391109f8bad393ff2cda9e7cd56f8239c","","0.000483844101947106","0","1.4383155768284","0.000002662404509948","0.00791448704875404","3219.78","","","Call Deposit V3"
"0xfa90b3f8a2b609f42493895c778312b8fc6cc8f51b69ca67d9d3d139e22ca7f7","119149972","1713898721","2024-04-23 18:58:41","0x5abca791c22e7f99237fcc04639e094ffa0ccce9","0xd82bdb8391109f8bad393ff2cda9e7cd56f8239c","","0.000324123010051621","0","0.963515256855853","0.000006177816151076","0.0183646946715206","3219.78","","","Call Deposit V3"
"0xd2fcbbec6c9561c988f764e34d682c5494f8f4cf44e44f73e170606954891a10","119151446","1713901669","2024-04-23 19:47:49","0xb04e6891e584f2884ad2ee90b6545ba44f843c4a","0xd82bdb8391109f8bad393ff2cda9e7cd56f8239c","","0.000324400229512778","0","0.964339342687586","0.000006151112074728","0.0182853118934283","3219.78","","","Call Deposit V3"
"0xc1f1b381576addb3d110839cfbc60e8f27fe0d21cbef5f415810a2202649ff6e","119179065","1713956907","2024-04-24 11:08:27","0xd11256d99f8833bee0b99203ddcfe4cd6c823d8d","0xd82bdb8391109f8bad393ff2cda9e7cd56f8239c","","0.000625726415606075","0","1.8600868477624","0.000006125854830398","0.0182102300895964","3139.10","","","Call Deposit V3"
"0x908b1d108aa7d263fccf8f809207b8c0aa2a9e902ea703e40fa0b012297c8b76","119190605","1713979987","2024-04-24 17:33:07","0xb04e6891e584f2884ad2ee90b6545ba44f843c4a","0xd82bdb8391109f8bad393ff2cda9e7cd56f8239c","","0.000328109898917914","0","0.97536701723982","0.00000963965971965","0.0286556613469138","3139.10","","","Call Deposit V3"
"0xc7cb78f74e0dcac0e290da12d6a1f269eff303bad5ad756a39be0bb78f33f368","119192574","1713983925","2024-04-24 18:38:45","0x5abca791c22e7f99237fcc04639e094ffa0ccce9","0xd82bdb8391109f8bad393ff2cda9e7cd56f8239c","","0.000328495330426921","0","0.97651278328507","0.00000609387087996","0.0181151519147497","3139.10","","","Call Deposit V3"
"0x7f0f5df2bbc729ebfac460d1d268d097f19c9bce679278bb03e631a68bceedbf","119224399","1714047575","2024-04-25 12:19:35","0x5abca791c22e7f99237fcc04639e094ffa0ccce9","0xd82bdb8391109f8bad393ff2cda9e7cd56f8239c","","0.000338624499272188","0","1.00662360053353","0.000006049495274976","0.0179832372678153","3155.47","","","Call Deposit V3"
"0x03fb0f1bc48486aa288800384fc9bb4f6b33cc0b911d3470e3fd4850944c93a9","119227252","1714053281","2024-04-25 13:54:41","0x73b4abd99243f403180693063df43eb4b759d782","0xd82bdb8391109f8bad393ff2cda9e7cd56f8239c","","0.000342876511906678","0","1.01926349007738","0.000005989820186362","0.0178058420920619","3155.47","","","Call Deposit V3"
"0x9241bab2b8cad27e3c89450870894ea438e464923a3c432da133c98a100a4339","119238056","1714074889","2024-04-25 19:54:49","0x5abca791c22e7f99237fcc04639e094ffa0ccce9","0xd82bdb8391109f8bad393ff2cda9e7cd56f8239c","","0.000329586720070281","0","0.979757139717476","0.00000604254015357","0.0179625618903192","3155.47","","","Call Deposit V3"
"0x142415fccb7f546461a8d5c92af1dc24110d1c19156c553ba05f4f26f508e2ed","119276664","1714152105","2024-04-26 17:21:45","0xf8b82919e8ec939c59223ec7b505ea37bbcea8f7","0xd82bdb8391109f8bad393ff2cda9e7cd56f8239c","","0.000332174915366622","0","0.987451026230963","0.000006113650507514","0.0181739504953262","3130.07","","","Call Deposit V3"
"0x5d3f43cd1db9a85453ee64bca59096098c9600d18e2fa794bdf5d63affb00349","119276834","1714152445","2024-04-26 17:27:25","0xf8b82919e8ec939c59223ec7b505ea37bbcea8f7","0xd82bdb8391109f8bad393ff2cda9e7cd56f8239c","","0.000332325112400336","0","0.987897514536421","0.000006214079549576","0.0184724942927651","3130.07","","","Call Deposit V3"
"0x19fae60f4299a8b28e90cb63bf010b25df9dee7e73c86cb9524bbb746e070428","119276910","1714152597","2024-04-26 17:29:57","0xf8b82919e8ec939c59223ec7b505ea37bbcea8f7","0xd82bdb8391109f8bad393ff2cda9e7cd56f8239c","","0.000332096217167187","0","0.987217081359753","0.000006211753186242","0.0184655787499132","3130.07","","","Call Deposit V3"
"0xd6ed7644e5bf2bf62c90079bde3ee537e43361afbb0863804ebb362945e34e03","119277197","1714153171","2024-04-26 17:39:31","0xf8b82919e8ec939c59223ec7b505ea37bbcea8f7","0xd82bdb8391109f8bad393ff2cda9e7cd56f8239c","","0.000331723839386087","0","0.986110119921419","0.00000623305954707","0.0185289158259282","3130.07","","","Call Deposit V3"
"0x82a8c8997cdfb910c63d9169188c464a02a4a28677ccf22364c1737fea9f3594","119315319","1714229415","2024-04-27 14:50:15","0x5abca791c22e7f99237fcc04639e094ffa0ccce9","0xd82bdb8391109f8bad393ff2cda9e7cd56f8239c","","0.000329528012016413","0","0.979582619230352","0.000006095406100892","0.0181197156413126","3253.23","","","Call Deposit V3"
"0x50ad316a6ec811347c3e60b4b1a7f15023dc6839e9b2e01c1c7277fb94965bdf","119319079","1714236935","2024-04-27 16:55:35","0x5abca791c22e7f99237fcc04639e094ffa0ccce9","0xd82bdb8391109f8bad393ff2cda9e7cd56f8239c","","0.000329318163402207","0","0.978958805631357","0.00005612090066403","0.166829698421204","3253.23","","","Call Deposit V3"
"0xa2912e47e941705548337d8b32b99f6c69929ab89290479c2b3e9450dd11eeea","119319511","1714237799","2024-04-27 17:09:59","0x5abca791c22e7f99237fcc04639e094ffa0ccce9","0xd82bdb8391109f8bad393ff2cda9e7cd56f8239c","","0.000328722464692851","0","0.97718798166282","0.000006116301223862","0.018181830237164","3253.23","","","Call Deposit V3"
"0xf420c844eeec3a3d1f70d4954a40d26dea6eb224a51580cf699011673cf46139","119406015","1714410807","2024-04-29 17:13:27","0xb04e6891e584f2884ad2ee90b6545ba44f843c4a","0xd82bdb8391109f8bad393ff2cda9e7cd56f8239c","","0.000329414034927959","0","0.979243801373391","0.00000610399087915","0.0181452354735115","3215.73","","","Call Deposit V3"
"0x875f6ba946afe488acd8c247f8d2ae12975fb19099a813836e17afd4590df5d6","119494454","1714587685","2024-05-01 18:21:25","0xcce9a28b570946123f392cf1dbfa6d2d5e636a1f","0xd82bdb8391109f8bad393ff2cda9e7cd56f8239c","","0.000391176514102557","0","1.16284412946022","0.000007308073154888","0.0217245914809684","2968.82","","","Call Deposit V3"
"0x5444312ef8c2b5329f1d36e2a725fed5569ffabc8d6e5f89f35bf598dc749626","119495969","1714590715","2024-05-01 19:11:55","0xb04e6891e584f2884ad2ee90b6545ba44f843c4a","0xd82bdb8391109f8bad393ff2cda9e7cd56f8239c","","0.000693143308054187","0","2.06049595920814","0.00000627811433581","0.0186628494714861","2968.82","","","Call Deposit V3"
"0x0e5868d9c0021116c4e2aba387dc12038f237faabde110d441fad7ca626a7879","119576178","1714751133","2024-05-03 15:45:33","0xcce9a28b570946123f392cf1dbfa6d2d5e636a1f","0xd82bdb8391109f8bad393ff2cda9e7cd56f8239c","","0.00034003104171424","0","1.01080480661981","0.000001732310905196","0.00514961275507188","3103.77","","","Call Deposit V3"
"0x729366371f0438f5712c70a07500674129563f986bfa5bb5e40520507221fb30","119670834","1714940445","2024-05-05 20:20:45","0xcce9a28b570946123f392cf1dbfa6d2d5e636a1f","0xd82bdb8391109f8bad393ff2cda9e7cd56f8239c","","0.000330579691007788","0","0.982708928446545","0.000000766191243398","0.00227764438126671","3137.09","","","Call Deposit V3"
"0xd477155d97c60c1ecc61007d8d7b36be2663e63d2dbf08ca3fdbf1f2f550820a","119705896","1715010569","2024-05-06 15:49:29","0xcce9a28b570946123f392cf1dbfa6d2d5e636a1f","0xd82bdb8391109f8bad393ff2cda9e7cd56f8239c","","0.00033698357917362","0","1.00174566375884","0.000006087616640836","0.0180965600387362","3063.19","","","Call Deposit V3"
"0x4b8e00b7d4975cd8522e856a5bbf8d9ff4a214de8ab8aaef22dd7260abdc3d84","119708622","1715016021","2024-05-06 17:20:21","0xb04e6891e584f2884ad2ee90b6545ba44f843c4a","0xd82bdb8391109f8bad393ff2cda9e7cd56f8239c","","0.00033653988906371","0","1.00042671330807","0.000006135599148438","0.0182391968670483","3063.19","","","Call Deposit V3"
"0xe12b30bdc6da3ee96361568533b53dcdfc2e0d117a4104a71dd5b80fe3cc4544","119710416","1715019609","2024-05-06 18:20:09","0xf83d06a8c835160c9b24a038ec7fd7a625d0bf59","0xd82bdb8391109f8bad393ff2cda9e7cd56f8239c","","0.001636209175460658","0","4.86393268936012","0.000006140996763852","0.0182552422715421","3063.19","","","Call Deposit V3"
"0x2b91eaf286a743dbae1744c69d31aec55e770dee181b325de8ee907c9c29235a","119711086","1715020949","2024-05-06 18:42:29","0x60e28c6ffd0f93eefe4eac4610dc1f8a402c9ae8","0xd82bdb8391109f8bad393ff2cda9e7cd56f8239c","","0.00163282344595236","0","4.85386798572704","0.000006087185884718","0.0180952795369551","3063.19","","","Call Deposit V3"
"0x94dfbcc75e9fff1ff91f3851a8b916a3b3fbcfe6a28cedbf1ee0e6bfe16a3836","119714978","1715028733","2024-05-06 20:52:13","0xab8be8f2e9db2a11461dc0cf3394fe216f50d9b9","0xd82bdb8391109f8bad393ff2cda9e7cd56f8239c","","0.000726861903472695","0","2.16073068527806","0.000006129849046856","0.0182221036325944","3063.19","","","Call Deposit V3"
"0xc8bda52123c0af63d187ab781f7830b889d8218e45d8f2ab80a63116b3f797b8","119715788","1715030353","2024-05-06 21:19:13","0x4a3755eb99ae8b22aafb8f16f0c51cf68eb60b85","0xd82bdb8391109f8bad393ff2cda9e7cd56f8239c","","0.000336452359629072","0","1.00016651596606","0.0000061864498016","0.0183903597855183","3063.19","","","Call Deposit V3"
"0x21c9513e40ec1a37ef5af71da959f2f070c02ac39bc2ee3c102b91983edb5c9a","119716060","1715030897","2024-05-06 21:28:17","0x4a3755eb99ae8b22aafb8f16f0c51cf68eb60b85","0xd82bdb8391109f8bad393ff2cda9e7cd56f8239c","","0.000336438921590866","0","1.00012656892611","0.0000061871914784","0.0183925645562081","3063.19","","","Call Deposit V3"
"0x9120bd86410fbcaf9b4059953fc550822697798349ec51fd4eb4a3e1c5d701ac","119716281","1715031339","2024-05-06 21:35:39","0x4a3755eb99ae8b22aafb8f16f0c51cf68eb60b85","0xd82bdb8391109f8bad393ff2cda9e7cd56f8239c","","0.000336289659090493","0","0.999682858692874","0.0000061871914784","0.0183925645562081","3063.19","","","Call Deposit V3"
"0xb3275614bec13b76182d1414db13f20127111df437b39540153404581f7c9d7e","119717039","1715032855","2024-05-06 22:00:55","0x4a3755eb99ae8b22aafb8f16f0c51cf68eb60b85","0xd82bdb8391109f8bad393ff2cda9e7cd56f8239c","","0.000336332667362687","0","0.999810708691624","0.0000061871914784","0.0183925645562081","3063.19","","","Call Deposit V3"
"0x9d83208add1a5517dd53e6ba392c66e36ec876317a1b39861c7eb9980fbf420a","119734716","1715068209","2024-05-07 07:50:09","0x4a3755eb99ae8b22aafb8f16f0c51cf68eb60b85","0xd82bdb8391109f8bad393ff2cda9e7cd56f8239c","","0.000337581886211966","0","1.003524241465","0.0000063628574872","0.0189147640741097","3005.91","","","Call Deposit V3"
"0x22d4939fca5a725c3c9c4e77669ea19c8f0ea2881fb156d1f98a1a3934903078","119747664","1715094105","2024-05-07 15:01:45","0xc5f137faffdcbd8a8b866d04bde625c953193bee","0xd82bdb8391109f8bad393ff2cda9e7cd56f8239c","","0.00066243469900583","0","1.96920897119023","0.000006333524126762","0.0188275652655081","3005.91","","","Call Deposit V3"
"0x626fd32cd150684a20e46b1f1ed78c9d9a7f2a72004768547ad9f28d8a0922a9","119752480","1715103737","2024-05-07 17:42:17","0xcce9a28b570946123f392cf1dbfa6d2d5e636a1f","0xd82bdb8391109f8bad393ff2cda9e7cd56f8239c","","0.000338119235796914","0","1.00512161193024","0.00000610185711976","0.0181388924813049","3005.91","","","Call Deposit V3"
"0x3b5f5e055a16f7c4a20b55d380eb6de8bb12fd215ec463908bec27118cb97911","119754641","1715108059","2024-05-07 18:54:19","0x7d967fb0fbc2b2d0eb936d520129fa6352275a1a","0xd82bdb8391109f8bad393ff2cda9e7cd56f8239c","","0.000341415133055294","0","1.01491927267939","0.000006069553313984","0.0180428634776414","3005.91","","","Call Deposit V3"
"0x914b4bef58706ea16acf43bfd28be7bfc5cd726afc0205a7820cba6c81725fba","119756290","1715111357","2024-05-07 19:49:17","0x4a3755eb99ae8b22aafb8f16f0c51cf68eb60b85","0xd82bdb8391109f8bad393ff2cda9e7cd56f8239c","","0.000340245592656852","0","1.0114425987548","0.000006205721099","0.0184476472612249","3005.91","","","Call Deposit V3"
"0x1bd6f75ffb1fdc934121a197b7ec3362520f02a9355f14b5f60f56b458c4b2af","119756310","1715111397","2024-05-07 19:49:57","0x4a3755eb99ae8b22aafb8f16f0c51cf68eb60b85","0xd82bdb8391109f8bad393ff2cda9e7cd56f8239c","","0.000340243612252432","0","1.01143671163844","0.0000062204967446","0.0184915705851606","3005.91","","","Call Deposit V3"
"0xd296ad4e01981240bf0e865ecbcb03a8fa0945fb0dca6b515497385acbae9a8d","119759181","1715117139","2024-05-07 21:25:39","0x1302a937bc0fe8a06f124e644236c876b639f54e","0xd82bdb8391109f8bad393ff2cda9e7cd56f8239c","","0.0003391253181506","0","1.00811237675523","0.0000062363285085","0.0185386334149738","3005.91","","","Call Deposit V3"
