Txhash,Blockno,UnixTimestamp,DateTime (UTC),From,To,ContractAddress,Value_IN(ETH),Value_OUT(ETH),CurrentValue @ $3033.33457734821/ETH,TxnFee(ETH),TxnFee(USD),Historical $Price/ETH,Status,ErrCode,Method
0x5809c28d906f47ac986030a4688183090ada26d424f52a2c463384b6d18f0586,119116830,1713832437,4/23/2024 0:33,0xe9f1c3cf268e67d2bad6c410156afc2d063ad4e7,0x1133ea7af70876e64665ecd07c0a0476d09465a1,,0,0,0,1.50111E-05,0.045533794,3219.78,,,Register Recipient
0xee619e673461104e7c87ad75fd9dbb1f367c6861d441b3f87bac127e1efce48f,119119042,1713836861,4/23/2024 1:47,0xf1ec938a362138ff0cc5268ec32690d9a137e83a,0x1133ea7af70876e64665ecd07c0a0476d09465a1,,0,0,0,1.47586E-05,0.044767859,3219.78,,,Register Recipient
0x35b19b85b906b2c4fd5693ccf2926814dbd2960eddcdac7a519df34e60ee2c36,119125690,1713850157,4/23/2024 5:29,0x53b00300eff94d750b4893cca4ef23ba9f14ee18,0x1133ea7af70876e64665ecd07c0a0476d09465a1,,0,0,0,1.40399E-05,0.042587597,3219.78,,,Register Recipient
0x80632f912ca85daff207476a19643423272625d1423f38c56097dfd545ad8094,119128200,1713855177,4/23/2024 6:52,0x38189d98110a395a1366f1c95875f81fd458a6c3,0x1133ea7af70876e64665ecd07c0a0476d09465a1,,0,0,0,2.38633E-06,0.007238533,3219.78,,,Register Recipient
0x43b8a28bbeaf6c11d72164c3e418600d1a110192f7108e2881bf219e4520d40b,119135577,1713869931,4/23/2024 10:58,0xad831c3b44921b0e19687ff35d9414574391be56,0x1133ea7af70876e64665ecd07c0a0476d09465a1,,0,0,0,0.000368944,1.119129233,3219.78,,,Register Recipient
0xeb1a7501225b421e90a8d243dafd74a40183c7926a0f48f57daa793dc38c0fe5,119142377,1713883531,4/23/2024 14:45,0xd1ffda9c225ddee34f0837bf4d4a441bdd54c473,0x1133ea7af70876e64665ecd07c0a0476d09465a1,,0,0,0,1.50947E-05,0.045787278,3219.78,,,Register Recipient
0x3483ce12b3b81015223c7d78d3911482df2067d542a2d4237c74810eded0e6f3,119145562,1713889901,4/23/2024 16:31,0x831f4ed6c49557318f06bfb7bce8488090cd9ecc,0x1133ea7af70876e64665ecd07c0a0476d09465a1,,0,0,0,1.48511E-05,0.045048351,3219.78,,,Register Recipient
0xf9d6f69e3d1259e3199d9436b6053266d922094766688ab6408e2bc6db9ae0f0,119145564,1713889905,4/23/2024 16:31,0xa64f2228ccec96076c82abb903021c33859082f8,0x1133ea7af70876e64665ecd07c0a0476d09465a1,,0,0,0,3.27403E-06,0.009931216,3219.78,,,Update Pool Metadata
0x959e92eacd9231c02cba9d6272682c9859917ce0a0b8435d02a319fa54dfcf90,119145640,1713890057,4/23/2024 16:34,0xa64f2228ccec96076c82abb903021c33859082f8,0x1133ea7af70876e64665ecd07c0a0476d09465a1,,0,0,0,3.27841E-06,0.00994451,3219.78,,,Update Pool Metadata
0xe7dd56eb9a6b6d7cc858801d89937d8041e432091ff9965585aa79ed0bd6255d,119146760,1713892297,4/23/2024 17:11,0xa64f2228ccec96076c82abb903021c33859082f8,0x1133ea7af70876e64665ecd07c0a0476d09465a1,,0,0,0,1.48991E-05,0.045193896,3219.78,,,Register Recipient
0x6619c59e61b81c5d53358e43dea537349706698f19a01815388ef613aa268d23,119152302,1713903381,4/23/2024 20:16,0x62d36767473db61a39d7e5e71fa378cfa3317362,0x1133ea7af70876e64665ecd07c0a0476d09465a1,,0,0,0,1.47361E-05,0.044699552,3219.78,,,Register Recipient
0x2b464ad05196c88dac6ab384378bd3347e14dab718ef6446c7b8a58ef6edf6c2,119153790,1713906357,4/23/2024 21:05,0xa32aecda752cf4ef89956e83d60c04835d4fa867,0x1133ea7af70876e64665ecd07c0a0476d09465a1,,0,0,0,1.52014E-05,0.046110931,3219.78,,,Register Recipient
0x8dbb16acb0a787d56e2a3eabcaf89244c14470bf8670ea8f59c6546d5259d592,119155649,1713910075,4/23/2024 22:07,0xfc9265a28f66cf4561d74a4e25d7bbd3f482b8e6,0x1133ea7af70876e64665ecd07c0a0476d09465a1,,0,0,0,1.486E-05,0.045075445,3219.78,,,Register Recipient
0xc43cd794bc071fe535d76dfc7bb6d3d68355be03cd40be5ee4a84bd20129e5e8,119156093,1713910963,4/23/2024 22:22,0x02d68abc178b7585def3bbb6e63301ade4449a97,0x1133ea7af70876e64665ecd07c0a0476d09465a1,,0,0,0,1.44822E-05,0.043929356,3219.78,,,Register Recipient
0x010f27d66537ba9b2525c094761543e09f29a1115ade59a0f206c3ca3c522904,119157591,1713913959,4/23/2024 23:12,0x27bbe645730ad333a35837f4bfb2b28fee3ce753,0x1133ea7af70876e64665ecd07c0a0476d09465a1,,0,0,0,1.49291E-05,0.045285085,3219.78,,,Register Recipient
0xc9cf916b38528ffd26ac375a6e11e2fb9e910bec5b50237a0b5e899096b4d22d,119162874,1713924525,4/24/2024 2:08,0x9b1049c1ce67169f210d1d6ea5d2e2d6e644c450,0x1133ea7af70876e64665ecd07c0a0476d09465a1,,0,0,0,1.5026E-05,0.045578849,3139.1,,,Register Recipient
0xe32e68f399be0fe43899cc89afcb0646fbfc3da16eafcf75d3926869bb8615eb,119167655,1713934087,4/24/2024 4:48,0xd3adb6c64cddc9f08566b8aba1129904d5b1b100,0x1133ea7af70876e64665ecd07c0a0476d09465a1,,0,0,0,1.52512E-05,0.046262033,3139.1,,,Register Recipient
0xd737fb7d5042e77b1fa6851472ff87df7a45ee21a8ae339e2b06641e77871539,119190184,1713979145,4/24/2024 17:19,0x13126b6859fb72d3956797d94c99078b40294679,0x1133ea7af70876e64665ecd07c0a0476d09465a1,,0,0,0,1.42599E-05,0.043255129,3139.1,,,Register Recipient
0x415821fa8f846cf6ad92356f550d7ad712aba74016bf2d9bd8ddb956d4d53886,119203295,1714005367,4/25/2024 0:36,0xb2206f941a5206b55bfa33e665687523a8bced80,0x1133ea7af70876e64665ecd07c0a0476d09465a1,,0,0,0,1.50336E-05,0.045601972,3155.47,,,Register Recipient
0x0c2062bc5bd2588d7f1fefd6e18272889c27c80c422e32bb80d7685b0859af7f,119226840,1714052457,4/25/2024 13:40,0xa64f2228ccec96076c82abb903021c33859082f8,0x1133ea7af70876e64665ecd07c0a0476d09465a1,,0,0,0,3.29551E-06,0.009996392,3155.47,,,Update Pool Metadata
0x648f287fef136783dbbe1ca52b6cab8caf7bcd594532d55f478dc18555176066,119239542,1714077861,4/25/2024 20:44,0xac51531b0b62c2e4b0740d79d2504186a47239cc,0x1133ea7af70876e64665ecd07c0a0476d09465a1,,0,0,0,1.48344E-05,0.044997605,3155.47,,,Register Recipient
0x99cdadfa111954bd9c91e7421daf572c8946f59e53f768d0d70a60146adcc56a,119240412,1714079601,4/25/2024 21:13,0xbea6accf6cc55cab756730ce705b01f776b37b01,0x1133ea7af70876e64665ecd07c0a0476d09465a1,,0,0,0,1.61004E-05,0.048837831,3155.47,,,Register Recipient
0x43efd2b3caf125319d96c0792286ae31ae32f9db3eed76193bf3a40f01fbba61,119242582,1714083941,4/25/2024 22:25,0x0d0c0941e2578da2b9e2ad03619615f7eebc48f7,0x1133ea7af70876e64665ecd07c0a0476d09465a1,,0,0,0,1.54759E-05,0.046943725,3155.47,,,Register Recipient
0x48a2ac752152e321d304f7a46b5756ff0a12e9dbe3e5acdff76859539673395e,119250913,1714100603,4/26/2024 3:03,0xf3002e97f5ba36bd219c5cb41e6104cff114e351,0x1133ea7af70876e64665ecd07c0a0476d09465a1,,0,0,0,3.30766E-06,0.010033228,3130.07,,,Update Pool Metadata
0xec7c6368d77a47b5c3295b203c0bb199ea57e0ebeba0f953142e852594ab86f8,119294921,1714188619,4/27/2024 3:30,0x6573b5766c8ddd1d0a5e99948e221fa6f9589a20,0x1133ea7af70876e64665ecd07c0a0476d09465a1,,0,0,0,1.55941E-05,0.047302169,3253.23,,,Register Recipient
0x6988b2c83167d38a55baafdae4d9b44d21d52390f81549ea8edd5f2ed88052ad,119316381,1714231539,4/27/2024 15:25,0xa64f2228ccec96076c82abb903021c33859082f8,0x1133ea7af70876e64665ecd07c0a0476d09465a1,,0,0,0,1.49726E-05,0.045417031,3253.23,,,Register Recipient
0xb84c079abe7477bba252667f115a3867f0fa5ff625a9fb573f127fab3297ff14,119317452,1714233681,4/27/2024 16:01,0x374b51aacbeb7a3b764801487593c653bcbc22dd,0x1133ea7af70876e64665ecd07c0a0476d09465a1,,0,0,0,1.49215E-05,0.045262054,3253.23,,,Register Recipient
0xf15c3e994956e5f9049c2f0e45533a448362399dd54c92b3ba13a06d932ffdff,119325393,1714249563,4/27/2024 20:26,0x435cd42591cc503a909085c3d3d2899d17032f77,0x1133ea7af70876e64665ecd07c0a0476d09465a1,,0,0,0,1.48515E-05,0.04504952,3253.23,,,Register Recipient
0xae2dbc47260d0771d33c8740ca17673f13db917d2d883e8f2f25ae18ce381f92,119365120,1714329017,4/28/2024 18:30,0xadd01bcd655d3d1b622e91a427b04981596237fa,0x1133ea7af70876e64665ecd07c0a0476d09465a1,,0,0,0,1.89153E-05,0.057376431,3262.43,,,Register Recipient
0xb58cb44f883883affec0bea381942af45ffdde80a6e50683c9a3a68fbf1a3c6f,119381347,1714361471,4/29/2024 3:31,0x1b443c2d7c242cc296d8a68f16d13e2d9a5bbbab,0x1133ea7af70876e64665ecd07c0a0476d09465a1,,0,0,0,1.50497E-05,0.045650884,3215.73,,,Register Recipient
0x048175e210f7ec819ff7f6ea6655b1aa7f7014d4b8ccd7f4bd64d05f9eeeeade,119396280,1714391337,4/29/2024 11:48,0x4a3755eb99ae8b22aafb8f16f0c51cf68eb60b85,0x1133ea7af70876e64665ecd07c0a0476d09465a1,,0.000314736,0,0.954700472,5.20151E-06,0.015777907,3215.73,,,Allocate
0xe802a1e02f6dc44f686035a7f50084c04ecb458b0ca2929ebf13ef87b8ac3676,119419491,1714437759,4/30/2024 0:42,0xc5a756d63c5fe67b438acbe468aa62a52093fdef,0x1133ea7af70876e64665ecd07c0a0476d09465a1,,0,0,0,3.2898E-06,0.009979075,3011.46,,,Update Pool Metadata
0x477956679ba1cad35bf4ddd80072d64f91f734849483497891b779f42996ae71,119422963,1714444703,4/30/2024 2:38,0xc5a756d63c5fe67b438acbe468aa62a52093fdef,0x1133ea7af70876e64665ecd07c0a0476d09465a1,,0,0,0,3.26122E-06,0.009892387,3011.46,,,Update Pool Metadata
0xd8f3c14e1e0e9eea08ad41a7ee846995141aa8c4d1022eb0738ee81d87b50e90,119440183,1714479143,4/30/2024 12:12,0xa64f2228ccec96076c82abb903021c33859082f8,0x1133ea7af70876e64665ecd07c0a0476d09465a1,,0,0,0,3.56887E-06,0.01082557,3011.46,,,Update Pool Metadata
0xdd5f0f2b3db36ed7ae6687b7c9ff33d722528643a5461baef1dcbafee54c8cb8,119520829,1714640435,5/2/2024 9:00,0xc837f5b7e9997a80c829913e51b3609f763ab828,0x1133ea7af70876e64665ecd07c0a0476d09465a1,,0,0,0,1.47904E-05,0.044864162,2986.41,,,Register Recipient
0x8a61ad48d1aad055f12bd302db7eb2a2d05f4e9e75676af2b907b0722cbabafa,119559596,1714717969,5/3/2024 6:32,0x29bca92d522d5a87b0f65e1208980262f235a423,0x1133ea7af70876e64665ecd07c0a0476d09465a1,,0,0,0,1.44736E-05,0.043903372,3103.77,,,Register Recipient
0xde428138cc44989a1ba6bc277e03585bb14ccfc2297383ae9d9d2d563e384dd8,119565046,1714728869,5/3/2024 9:34,0xcda54b665780c2b85af03574b3466ede6efd55e0,0x1133ea7af70876e64665ecd07c0a0476d09465a1,,0,0,0,3.25759E-06,0.009881347,3103.77,,,Register Recipient
0xa3ca00a128b355369ee719e1b42657be14b96a09949cded422736f5b7c31efa2,119592295,1714783367,5/4/2024 0:42,0xf3002e97f5ba36bd219c5cb41e6104cff114e351,0x1133ea7af70876e64665ecd07c0a0476d09465a1,,0,0,0,3.99243E-06,0.012110391,3117.52,,,Create Pool
0x9beec582a72adb4e078649b72d5887515ef7071af8eea56dc554227ca837724f,119593182,1714785141,5/4/2024 1:12,0xf3002e97f5ba36bd219c5cb41e6104cff114e351,0x1133ea7af70876e64665ecd07c0a0476d09465a1,,0,0,0,2.43812E-06,0.00739563,3117.52,,,Register Recipient
0x54e9591d14afec5aff34e62885563e24a118c2972125c0377cbc9f0aa8e3462c,119696907,1714992591,5/6/2024 10:49,0xdc0e7ace1efefbd7cdaf0768c8079e7d6007d727,0x1133ea7af70876e64665ecd07c0a0476d09465a1,,0,0,0,5.41858E-06,0.01643637,3063.19,,,Register Recipient
0x69e242c6d3170cf8f055670fb5b1a09c0ed8f10edab70283b2e930b22a46d1f6,119715001,1715028779,5/6/2024 20:52,0x74735b98677250675bd6727986fccbadc7aed295,0x1133ea7af70876e64665ecd07c0a0476d09465a1,,0,0,0,1.52694E-05,0.046317183,3063.19,,,Register Recipient
0xd59630a6999364b7c406cb17a0a5029433b0069d05fb0d8e9dce458d311914eb,119716594,1715031965,5/6/2024 21:46,0xf3002e97f5ba36bd219c5cb41e6104cff114e351,0x1133ea7af70876e64665ecd07c0a0476d09465a1,,0,0,0,3.27555E-06,0.00993584,3063.19,,,Update Pool Metadata
0xe60439ab59b04e73e3a77aff6a214a0e3c2c131efe0208b8ffb4173790f811b4,119723326,1715045429,5/7/2024 1:30,0x750e295dbf46cf8528a9a780aa1fdac9f1376e6f,0x1133ea7af70876e64665ecd07c0a0476d09465a1,,0,0,0,1.83369E-05,0.055621976,3005.91,,,Register Recipient
0x3a9ed5dacf3cff90b521aa6431d3cc9fcb1fdbb06e6da2d413486b858fb0ddb6,119732444,1715063665,5/7/2024 6:34,0x9a62b957c1e2a93d92f2939662d9f0c58a3714f0,0x1133ea7af70876e64665ecd07c0a0476d09465a1,,0,0,0,1.46828E-05,0.044537981,3005.91,,,Register Recipient
0x4b6822419527bdfe3be6b7330d75ee65de46ce1ec573e03f5be230b297ef7c0a,119735882,1715070541,5/7/2024 8:29,0x0d0c0941e2578da2b9e2ad03619615f7eebc48f7,0x1133ea7af70876e64665ecd07c0a0476d09465a1,,0,0,0,7.65697E-06,0.023226148,3005.91,,,Register Recipient
0x9ab8322caff7d4bd1d6fe2db080babde2bb945f13c87f54f9eee5cc627a454f4,119739216,1715077209,5/7/2024 10:20,0xdd230ea2830302fdb2d52886fb1d6d7f3f523802,0x1133ea7af70876e64665ecd07c0a0476d09465a1,,0,0,0,8.48891E-06,0.025749711,3005.91,,,Register Recipient
0x625fe937b7b85c1ed198718dabca0ee129ec7bd2a19eaee906da09856b243131,119753363,1715105503,5/7/2024 18:11,0x4f8c531df3d97c6cd437ac8dfe756975445d1161,0x1133ea7af70876e64665ecd07c0a0476d09465a1,,0.001625571,0,4.93090086,5.0594E-06,0.015346843,3005.91,,,Allocate
0xbdc33e2c89c4bc8792a42876aa9b227fed62854f75479e9ecf82e8a00536fed9,119759281,1715117339,5/7/2024 21:28,0x4c11ba2ed1d936d769d0cce34cbc7ea1e85182d0,0x1133ea7af70876e64665ecd07c0a0476d09465a1,,0,0,0,1.50313E-05,0.045595111,3005.91,,,Register Recipient
0xa8afc74e0edd6763d6da67b82562f9ca422aedd27e2b952eff01419355672e18,119763117,1715125011,5/7/2024 23:36,0xa564b8fbb6542637ecf6fede24f1cbfd2be70103,0x1133ea7af70876e64665ecd07c0a0476d09465a1,,0,0,0,1.47677E-05,0.044795307,3005.91,,,Register Recipient
0xf740ddc43b714edda04be1fa61f8d6bab8576c7c964e1ed497cecadc07cbe445,119763285,1715125347,5/7/2024 23:42,0xcce9a28b570946123f392cf1dbfa6d2d5e636a1f,0x1133ea7af70876e64665ecd07c0a0476d09465a1,,0.00033039,0,1.002183801,5.0615E-06,0.015353237,3005.91,,,Allocate
